center_lat,center_lng,lat,lng
36.63635,127.3156667,36.63643333,127.3158333
36.63634412,127.315683,36.63643021,127.3158438
36.63633825,127.3156993,36.63642708,127.3158542
36.63633433,127.3157102,36.63642396,127.3158646
36.63632911,127.3157247,36.63642083,127.315875
36.63632214,127.3157441,36.63641771,127.3158854
36.63631816,127.3157551,36.63641458,127.3158958
36.63631361,127.3157678,36.63641146,127.3159063
36.63630842,127.3157822,36.63640833,127.3159167
36.63630247,127.3157987,36.63640521,127.3159271
36.63629569,127.3158176,36.63640208,127.3159375
36.63629206,127.3158276,36.63639896,127.3159479
36.6362882,127.3158383,36.63639583,127.3159583
36.63628408,127.3158498,36.63639271,127.3159688
36.63627969,127.315862,36.63638958,127.3159792
36.636275,127.315875,36.63638646,127.3159896
36.63627344,127.3158828,36.63638333,127.316
36.63627188,127.3158907,36.636375,127.316
36.63627032,127.3158985,36.63636667,127.316
36.63626876,127.3159063,36.63635833,127.316
36.63626667,127.3159167,36.63635,127.316
36.63626459,127.3159272,36.63634792,127.3160104
36.63626251,127.3159376,36.63634583,127.3160208
36.63626043,127.315948,36.63634375,127.3160313
36.63625834,127.3159584,36.63634167,127.3160417
36.63625626,127.3159688,36.63633958,127.3160521
36.63625417,127.3159792,36.6363375,127.3160625
36.63625209,127.3159896,36.63633542,127.3160729
36.63625,127.316,36.63633333,127.3160833
36.63624407,127.3160029,36.63633125,127.3160938
36.63623815,127.3160059,36.63632917,127.3161042
36.63623223,127.3160088,36.63632708,127.3161146
36.6362263,127.3160117,36.636325,127.316125
36.63621927,127.3160235,36.63632292,127.3161354
36.63621458,127.3160313,36.63632083,127.3161458
36.63620833,127.3160417,36.63631875,127.3161562
36.63620625,127.3160521,36.63631667,127.3161667
36.63620417,127.3160625,36.63631458,127.3161771
36.63620209,127.3160729,36.6363125,127.3161875
36.63619891,127.3160888,36.63631042,127.3161979
36.63619572,127.3161047,36.63630833,127.3162083
36.6361936,127.3161154,36.63630625,127.3162188
36.63619077,127.3161295,36.63630417,127.3162292
36.636187,127.3161484,36.63630208,127.3162396
36.63618484,127.3161592,36.6363,127.31625
36.63618238,127.3161715,36.63629792,127.3162604
36.63617956,127.3161856,36.63629583,127.3162708
36.63617634,127.3162017,36.63629375,127.3162813
36.63617462,127.3162103,36.63629167,127.3162917
36.63617279,127.3162194,36.63628958,127.3163021
36.63617084,127.3162292,36.6362875,127.3163125
36.63616954,127.3162357,36.63628542,127.3163229
36.63616824,127.3162422,36.63628333,127.3163333
36.63616694,127.3162487,36.636275,127.3163333
36.63616564,127.3162553,36.63626667,127.3163333
36.63616433,127.3162618,36.63625833,127.3163333
36.63616303,127.3162683,36.63625,127.3163333
36.63616173,127.3162748,36.63624792,127.3163438
36.63616043,127.3162813,36.63624583,127.3163542
36.63615834,127.3162917,36.63624375,127.3163646
36.63615502,127.3163021,36.63624167,127.316375
36.6361517,127.3163125,36.63623958,127.3163854
36.63615085,127.3163229,36.6362375,127.3163958
36.63615,127.3163333,36.63623542,127.3164063
36.63614458,127.3163348,36.63623333,127.3164167
36.63613916,127.3163362,36.63623125,127.3164271
36.63613374,127.3163377,36.63622917,127.3164375
36.63612832,127.3163391,36.63622708,127.3164479
36.6361229,127.3163406,36.636225,127.3164583
36.63611748,127.3163421,36.63622292,127.3164688
36.63611206,127.3163435,36.63622083,127.3164792
36.63610664,127.316345,36.63621875,127.3164896
36.63610078,127.3163568,36.63621667,127.3165
36.63609688,127.3163646,36.63620833,127.3165
36.63609167,127.316375,36.6362,127.3165
36.63609037,127.3163815,36.63619167,127.3165
36.63608907,127.3163881,36.63618333,127.3165
36.63608776,127.3163946,36.63618125,127.3165104
36.63608646,127.3164011,36.63617917,127.3165208
36.63608516,127.3164076,36.63617708,127.3165313
36.63608386,127.3164142,36.636175,127.3165417
36.63608255,127.3164207,36.63617292,127.3165521
36.63608125,127.3164272,36.63617083,127.3165625
36.63607917,127.3164376,36.63616875,127.3165729
36.63607709,127.316448,36.63616667,127.3165833
36.636075,127.3164584,36.63616458,127.3165938
36.63607292,127.3164688,36.6361625,127.3166042
36.63607083,127.3164792,36.63616042,127.3166146
36.63606875,127.3164896,36.63615833,127.316625
36.63606666,127.3165,36.63615625,127.3166354
36.63606299,127.3165017,36.63615417,127.3166458
36.63605932,127.3165033,36.63615208,127.3166562
36.63605564,127.316505,36.63615,127.3166667
36.63605197,127.3165066,36.63614792,127.3166771
36.6360483,127.3165083,36.63614583,127.3166875
36.63604463,127.3165099,36.63614375,127.3166979
36.63604095,127.3165116,36.63614167,127.3167083
36.63603728,127.3165132,36.63613958,127.3167187
36.63603288,127.3165264,36.6361375,127.3167292
36.63603123,127.3165315,36.63613542,127.3167396
36.63602957,127.3165366,36.63613333,127.31675
36.63602792,127.3165418,36.63613125,127.3167604
36.63602627,127.3165469,36.63612917,127.3167708
36.63602461,127.316552,36.63612708,127.3167813
36.63602296,127.3165571,36.636125,127.3167917
36.63602131,127.3165623,36.63612292,127.3168021
36.63601966,127.3165674,36.63612083,127.3168125
36.636018,127.3165725,36.63611875,127.3168229
36.63601635,127.3165776,36.63611667,127.3168333
36.6360147,127.3165827,36.63610833,127.3168333
36.63601304,127.3165879,36.6361,127.3168333
36.63601139,127.316593,36.63609167,127.3168333
36.63600974,127.3165981,36.63608333,127.3168333
36.63600808,127.3166032,36.63608125,127.3168438
36.63600643,127.3166084,36.63607917,127.3168542
36.63600478,127.3166135,36.63607708,127.3168646
36.63600312,127.3166186,36.636075,127.316875
36.63600147,127.3166237,36.63607292,127.3168854
36.63599982,127.3166288,36.63607083,127.3168958
36.63599816,127.316634,36.63606875,127.3169063
36.63599651,127.3166391,36.63606667,127.3169167
36.63599486,127.3166442,36.63606458,127.3169271
36.63599321,127.3166493,36.6360625,127.3169375
36.63599155,127.3166544,36.63606042,127.3169479
36.6359899,127.3166596,36.63605833,127.3169583
36.63598825,127.3166647,36.63605625,127.3169688
36.63598659,127.3166698,36.63605417,127.3169792
36.63598494,127.3166749,36.63605208,127.3169896
36.63598329,127.3166801,36.63605,127.317
36.63598163,127.3166852,36.63604792,127.3170104
36.63597998,127.3166903,36.63604583,127.3170208
36.63597833,127.3166954,36.63604375,127.3170313
36.63597667,127.3167005,36.63604167,127.3170417
36.63597502,127.3167057,36.63603958,127.3170521
36.63597337,127.3167108,36.6360375,127.3170625
36.63597171,127.3167159,36.63603542,127.3170729
36.63597006,127.316721,36.63603333,127.3170833
36.63596841,127.3167262,36.63603125,127.3170938
36.63596676,127.3167313,36.63602917,127.3171042
36.6359651,127.3167364,36.63602708,127.3171146
36.63596345,127.3167415,36.636025,127.317125
36.6359618,127.3167466,36.63602292,127.3171354
36.63596014,127.3167518,36.63602083,127.3171458
36.63595849,127.3167569,36.63601875,127.3171562
36.63595684,127.316762,36.63601667,127.3171667
36.63595518,127.3167671,36.63600833,127.3171667
36.63595353,127.3167723,36.636,127.3171667
36.63595188,127.3167774,36.63599167,127.3171667
36.63595022,127.3167825,36.63598333,127.3171667
36.63594857,127.3167876,36.63598021,127.3171771
36.63594692,127.3167927,36.63597708,127.3171875
36.63594526,127.3167979,36.63597396,127.3171979
36.63594361,127.316803,36.63597083,127.3172083
36.63594196,127.3168081,36.63596771,127.3172187
36.63594031,127.3168132,36.63596458,127.3172292
36.63593865,127.3168183,36.63596146,127.3172396
36.635937,127.3168235,36.63595833,127.31725
36.63593535,127.3168286,36.63595521,127.3172604
36.63593369,127.3168337,36.63595208,127.3172708
36.63593204,127.3168388,36.63594896,127.3172813
36.63593039,127.316844,36.63594583,127.3172917
36.63592873,127.3168491,36.63594271,127.3173021
36.63592708,127.3168542,36.63593958,127.3173125
36.63592396,127.3168646,36.63593646,127.3173229
36.63592225,127.3168695,36.63593333,127.3173333
36.63592054,127.3168744,36.635925,127.3173333
36.63591883,127.3168792,36.63591667,127.3173333
36.63591712,127.3168841,36.63591458,127.3173438
36.63591541,127.316889,36.6359125,127.3173542
36.63591371,127.3168939,36.63591042,127.3173646
36.635912,127.3168988,36.63590833,127.317375
36.63591029,127.3169037,36.63590625,127.3173854
36.63590858,127.3169085,36.63590417,127.3173958
36.63590687,127.3169134,36.63590208,127.3174063
36.63590516,127.3169183,36.6359,127.3174167
36.63590345,127.3169232,36.63589792,127.3174271
36.63590174,127.3169281,36.63589583,127.3174375
36.63590003,127.316933,36.63589375,127.3174479
36.63589832,127.3169378,36.63589167,127.3174583
36.63589662,127.3169427,36.63588958,127.3174688
36.63589491,127.3169476,36.6358875,127.3174792
36.6358932,127.3169525,36.63588542,127.3174896
36.63589149,127.3169574,36.63588333,127.3175
36.63588978,127.3169623,36.63588021,127.3175104
36.63588807,127.3169671,36.63587708,127.3175208
36.63588636,127.316972,36.63587396,127.3175313
36.63588465,127.3169769,36.63587083,127.3175417
36.63588294,127.3169818,36.63586771,127.3175521
36.63588123,127.3169867,36.63586458,127.3175625
36.63587952,127.3169916,36.63586146,127.3175729
36.63587782,127.3169964,36.63585833,127.3175833
36.63587611,127.3170013,36.63585521,127.3175938
36.6358744,127.3170062,36.63585208,127.3176042
36.63587269,127.3170111,36.63584896,127.3176146
36.63587098,127.317016,36.63584583,127.317625
36.63586927,127.3170208,36.63584271,127.3176354
36.63586756,127.3170257,36.63583958,127.3176458
36.63586585,127.3170306,36.63583646,127.3176562
36.63586414,127.3170355,36.63583333,127.3176667
36.63586243,127.3170404,36.635825,127.3176667
36.63586072,127.3170453,36.63581667,127.3176667
36.63585902,127.3170501,36.63580833,127.3176667
36.63585731,127.317055,36.6358,127.3176667
36.6358556,127.3170599,36.63579688,127.3176771
36.63585389,127.3170648,36.63579375,127.3176875
36.63585218,127.3170697,36.63579063,127.3176979
36.63585047,127.3170746,36.6357875,127.3177083
36.63584876,127.3170794,36.63578438,127.3177187
36.63584705,127.3170843,36.63578125,127.3177292
36.63584534,127.3170892,36.63577813,127.3177396
36.63584363,127.3170941,36.635775,127.31775
36.63584193,127.317099,36.63577188,127.3177604
36.63584022,127.3171039,36.63576875,127.3177708
36.63583851,127.3171087,36.63576563,127.3177813
36.6358368,127.3171136,36.6357625,127.3177917
36.63583509,127.3171185,36.63575938,127.3178021
36.63583338,127.3171234,36.63575625,127.3178125
36.63583167,127.3171283,36.63575313,127.3178229
36.63582996,127.3171332,36.63575,127.3178333
36.63582825,127.317138,36.63574167,127.3178333
36.63582654,127.3171429,36.63573333,127.3178333
36.63582483,127.3171478,36.635725,127.3178333
36.63582313,127.3171527,36.63571667,127.3178333
36.63582142,127.3171576,36.63570833,127.3178333
36.63581971,127.3171625,36.6357,127.3178333
36.635818,127.3171673,36.63569167,127.3178333
36.63581629,127.3171722,36.63568333,127.3178333
36.63581458,127.3171771,36.63568125,127.3178438
36.63581262,127.3171868,36.63567917,127.3178542
36.63581079,127.317196,36.63567708,127.3178646
36.63580908,127.3172046,36.635675,127.317875
36.63580747,127.3172126,36.63567292,127.3178854
36.63580596,127.3172202,36.63567083,127.3178958
36.63580454,127.3172272,36.63566875,127.3179063
36.63580322,127.3172339,36.63566667,127.3179167
36.63580198,127.3172401,36.63566458,127.3179271
36.63579964,127.3172517,36.6356625,127.3179375
36.63579761,127.3172619,36.63566042,127.3179479
36.63579582,127.3172709,36.63565833,127.3179583
36.63579426,127.3172787,36.63565625,127.3179688
36.63579289,127.3172855,36.63565417,127.3179792
36.63579151,127.3172924,36.63565208,127.3179896
36.63579013,127.3172994,36.63565,127.318
36.63578874,127.3173063,36.63564688,127.3180104
36.63578736,127.3173132,36.63564375,127.3180208
36.63578535,127.3173232,36.63564063,127.3180313
36.63578333,127.3173333,36.6356375,127.3180417
36.63577846,127.3173346,36.63563438,127.3180521
36.63577358,127.3173359,36.63563125,127.3180625
36.63576871,127.3173372,36.63562813,127.3180729
36.63576383,127.3173386,36.635625,127.3180833
36.63575896,127.3173399,36.63562188,127.3180938
36.63575408,127.3173412,36.63561875,127.3181042
36.63574921,127.3173425,36.63561563,127.3181146
36.63574433,127.3173438,36.6356125,127.318125
36.63573917,127.3173543,36.63560938,127.3181354
36.63573574,127.3173614,36.63560625,127.3181458
36.63573116,127.3173707,36.63560313,127.3181562
36.63572505,127.3173832,36.6356,127.3181667
36.63572156,127.3173903,36.63559167,127.3181667
36.63571757,127.3173985,36.63558333,127.3181667
36.63571301,127.3174078,36.635575,127.3181667
36.6357078,127.3174184,36.63556667,127.3181667
36.63570578,127.3174251,36.63556563,127.3181771
36.63570377,127.3174318,36.63556458,127.3181875
36.63570175,127.3174386,36.63556354,127.3181979
36.63569973,127.3174453,36.6355625,127.3182083
36.63569768,127.3174522,36.63556146,127.3182187
36.63569409,127.3174641,36.63556042,127.3182292
36.6356914,127.3174731,36.63555938,127.3182396
36.63568938,127.3174798,36.63555833,127.31825
36.63568636,127.3174899,36.63555729,127.3182604
36.63568326,127.3174981,36.63555625,127.3182708
36.63568016,127.3175062,36.63555521,127.3182813
36.63567706,127.3175144,36.63555417,127.3182917
36.63567396,127.3175225,36.63555313,127.3183021
36.63567086,127.3175307,36.63555208,127.3183125
36.63566776,127.3175388,36.63555104,127.3183229
36.63566466,127.317547,36.63555,127.3183333
36.63566157,127.3175551,36.63554375,127.3183333
36.63565847,127.3175633,36.6355375,127.3183333
36.63565537,127.3175714,36.63553125,127.3183333
36.63565227,127.3175796,36.635525,127.3183333
36.63564917,127.3175878,36.63551875,127.3183333
36.63564607,127.3175959,36.6355125,127.3183333
36.63564297,127.3176041,36.63550625,127.3183333
36.63563987,127.3176122,36.6355,127.3183333
36.63563677,127.3176204,36.63549792,127.3183438
36.63563367,127.3176285,36.63549583,127.3183542
36.63563057,127.3176367,36.63549375,127.3183646
36.63562747,127.3176448,36.63549167,127.318375
36.63562437,127.317653,36.63548958,127.3183854
36.63562127,127.3176611,36.6354875,127.3183958
36.63561817,127.3176693,36.63548542,127.3184063
36.63561507,127.3176775,36.63548333,127.3184167
36.63561198,127.3176856,36.63548125,127.3184271
36.63560888,127.3176938,36.63547917,127.3184375
36.63560578,127.3177019,36.63547708,127.3184479
36.63560268,127.3177101,36.635475,127.3184583
36.63559958,127.3177182,36.63547292,127.3184688
36.63559648,127.3177264,36.63547083,127.3184792
36.63559338,127.3177345,36.63546875,127.3184896
36.63559028,127.3177427,36.63546667,127.3185
36.63558718,127.3177509,36.63546458,127.3185104
36.63558408,127.317759,36.6354625,127.3185208
36.63558098,127.3177672,36.63546042,127.3185313
36.63557788,127.3177753,36.63545833,127.3185417
36.63557478,127.3177835,36.63545625,127.3185521
36.63557168,127.3177916,36.63545417,127.3185625
36.63556858,127.3177998,36.63545208,127.3185729
36.63556548,127.3178079,36.63545,127.3185833
36.63556239,127.3178161,36.63544792,127.3185938
36.63555929,127.3178242,36.63544583,127.3186042
36.63555619,127.3178324,36.63544375,127.3186146
36.63555309,127.3178406,36.63544167,127.318625
36.63554999,127.3178487,36.63543958,127.3186354
36.63554689,127.3178569,36.6354375,127.3186458
36.63554379,127.317865,36.63543542,127.3186562
36.63554069,127.3178732,36.63543333,127.3186667
36.63553759,127.3178813,36.635425,127.3186667
36.63553449,127.3178895,36.63541667,127.3186667
36.63553139,127.3178976,36.63540833,127.3186667
36.63552829,127.3179058,36.6354,127.3186667
36.63552519,127.3179139,36.63539792,127.3186771
36.63552209,127.3179221,36.63539583,127.3186875
36.63551899,127.3179303,36.63539375,127.3186979
36.63551589,127.3179384,36.63539167,127.3187083
36.6355128,127.3179466,36.63538958,127.3187187
36.6355097,127.3179547,36.6353875,127.3187292
36.6355066,127.3179629,36.63538542,127.3187396
36.6355035,127.317971,36.63538333,127.31875
36.6355004,127.3179792,36.63538125,127.3187604
36.6354973,127.3179873,36.63537917,127.3187708
36.6354942,127.3179955,36.63537708,127.3187813
36.6354911,127.3180036,36.635375,127.3187917
36.635488,127.3180118,36.63537292,127.3188021
36.6354857,127.3180184,36.63537083,127.3188125
36.63548383,127.3180238,36.63536875,127.3188229
36.63548196,127.3180292,36.63536667,127.3188333
36.63548008,127.3180346,36.63536354,127.3188438
36.63547821,127.31804,36.63536042,127.3188542
36.63547634,127.3180454,36.63535729,127.3188646
36.63547447,127.3180508,36.63535417,127.318875
36.6354726,127.3180562,36.63535104,127.3188854
36.63547073,127.3180616,36.63534792,127.3188958
36.63546885,127.318067,36.63534479,127.3189063
36.63546698,127.3180724,36.63534167,127.3189167
36.63546511,127.3180778,36.63533854,127.3189271
36.63546324,127.3180832,36.63533542,127.3189375
36.63546137,127.3180886,36.63533229,127.3189479
36.63545949,127.318094,36.63532917,127.3189583
36.63545762,127.3180994,36.63532604,127.3189688
36.63545575,127.3181048,36.63532292,127.3189792
36.63545388,127.3181101,36.63531979,127.3189896
36.63545201,127.3181155,36.63531667,127.319
36.63545013,127.3181209,36.63530833,127.319
36.63544826,127.3181263,36.6353,127.319
36.63544639,127.3181317,36.63529167,127.319
36.63544452,127.3181371,36.63528333,127.319
36.63544265,127.3181425,36.63528229,127.3190104
36.63544078,127.3181479,36.63528125,127.3190208
36.6354389,127.3181533,36.63528021,127.3190313
36.63543703,127.3181587,36.63527917,127.3190417
36.63543516,127.3181641,36.63527813,127.3190521
36.63543329,127.3181695,36.63527708,127.3190625
36.63543142,127.3181749,36.63527604,127.3190729
36.63542954,127.3181803,36.635275,127.3190833
36.63542767,127.3181857,36.63527396,127.3190938
36.6354258,127.3181911,36.63527292,127.3191042
36.63542407,127.3181961,36.63527187,127.3191146
36.63542234,127.3182011,36.63527083,127.319125
36.63542062,127.318206,36.63526979,127.3191354
36.63541889,127.318211,36.63526875,127.3191458
36.63541716,127.318216,36.63526771,127.3191562
36.63541543,127.318221,36.63526667,127.3191667
36.63541371,127.318226,36.63526042,127.3191667
36.63541198,127.318231,36.63525417,127.3191667
36.63541025,127.3182359,36.63524792,127.3191667
36.63540852,127.3182409,36.63524167,127.3191667
36.63540679,127.3182459,36.63523542,127.3191667
36.63540507,127.3182509,36.63522917,127.3191667
36.63540334,127.3182559,36.63522292,127.3191667
36.63540161,127.3182608,36.63521667,127.3191667
36.63539988,127.3182658,36.63521354,127.3191771
36.63539816,127.3182708,36.63521042,127.3191875
36.63539643,127.3182758,36.63520729,127.3191979
36.6353947,127.3182808,36.63520417,127.3192083
36.63539297,127.3182857,36.63520104,127.3192187
36.63539124,127.3182907,36.63519792,127.3192292
36.63538952,127.3182957,36.63519479,127.3192396
36.63538779,127.3183007,36.63519167,127.31925
36.63538606,127.3183057,36.63518854,127.3192604
36.63538433,127.3183107,36.63518542,127.3192708
36.6353826,127.3183156,36.63518229,127.3192813
36.63538088,127.3183206,36.63517917,127.3192917
36.63537915,127.3183256,36.63517604,127.3193021
36.63537742,127.3183306,36.63517292,127.3193125
36.63537569,127.3183356,36.63516979,127.3193229
36.63537397,127.3183405,36.63516667,127.3193333
36.63537224,127.3183455,36.63516458,127.3193438
36.63537051,127.3183505,36.6351625,127.3193542
36.63536871,127.3183557,36.63516042,127.3193646
36.63536691,127.3183609,36.63515833,127.319375
36.63536511,127.3183661,36.63515625,127.3193854
36.63536331,127.3183713,36.63515417,127.3193958
36.63536151,127.3183764,36.63515208,127.3194063
36.63535971,127.3183816,36.63515,127.3194167
36.63535791,127.3183868,36.63514792,127.3194271
36.63535611,127.318392,36.63514583,127.3194375
36.63535431,127.3183972,36.63514375,127.3194479
36.63535251,127.3184024,36.63514167,127.3194583
36.63535071,127.3184076,36.63513958,127.3194688
36.63534891,127.3184128,36.6351375,127.3194792
36.63534711,127.3184179,36.63513542,127.3194896
36.63534531,127.3184231,36.63513333,127.3195
36.63534351,127.3184283,36.635125,127.3195
36.63534171,127.3184335,36.63511667,127.3195
36.63533991,127.3184387,36.63511354,127.3195104
36.63533811,127.3184439,36.63511042,127.3195208
36.63533631,127.3184491,36.63510729,127.3195313
36.63533451,127.3184543,36.63510417,127.3195417
36.63533271,127.3184594,36.63510104,127.3195521
36.63533091,127.3184646,36.63509792,127.3195625
36.63532911,127.3184698,36.63509479,127.3195729
36.63532731,127.318475,36.63509167,127.3195833
36.63532551,127.3184802,36.63508854,127.3195938
36.63532371,127.3184854,36.63508542,127.3196042
36.63532191,127.3184906,36.63508229,127.3196146
36.63532011,127.3184958,36.63507917,127.319625
36.63531831,127.3185009,36.63507604,127.3196354
36.63531651,127.3185061,36.63507292,127.3196458
36.63531471,127.3185113,36.63506979,127.3196562
36.63531291,127.3185165,36.63506667,127.3196667
36.63531194,127.3185217,36.63506042,127.3196667
36.63531098,127.3185269,36.63505417,127.3196667
36.63531001,127.3185321,36.63504792,127.3196667
36.63530905,127.3185373,36.63504167,127.3196667
36.63530808,127.3185425,36.63503542,127.3196667
36.63530711,127.3185477,36.63502917,127.3196667
36.63530615,127.3185529,36.63502292,127.3196667
36.63530518,127.3185581,36.63501667,127.3196667
36.63530422,127.3185633,36.63501562,127.3196771
36.63530325,127.3185685,36.63501458,127.3196875
36.63530228,127.3185737,36.63501354,127.3196979
36.63530132,127.3185789,36.6350125,127.3197083
36.63530035,127.3185841,36.63501146,127.3197187
36.63529939,127.3185893,36.63501042,127.3197292
36.63529842,127.3185945,36.63500938,127.3197396
36.63529746,127.3185998,36.63500833,127.31975
36.63529649,127.318605,36.63500729,127.3197604
36.63529552,127.3186102,36.63500625,127.3197708
36.63529456,127.3186154,36.63500521,127.3197813
36.63529359,127.3186206,36.63500417,127.3197917
36.63529263,127.3186258,36.63500313,127.3198021
36.63529166,127.318631,36.63500208,127.3198125
36.63529069,127.3186362,36.63500104,127.3198229
36.63528973,127.3186414,36.635,127.3198333
36.63528876,127.3186466,36.63499167,127.3198333
36.6352878,127.3186518,36.63498333,127.3198333
36.63528683,127.318657,36.634975,127.3198333
36.63528586,127.3186622,36.63496667,127.3198333
36.6352849,127.3186674,36.63496458,127.3198438
36.63528393,127.3186726,36.6349625,127.3198542
36.63528297,127.3186778,36.63496042,127.3198646
36.635282,127.318683,36.63495833,127.319875
36.63527937,127.3186882,36.63495625,127.3198854
36.63527673,127.3186934,36.63495417,127.3198958
36.6352741,127.3186985,36.63495208,127.3199063
36.63527213,127.3187035,36.63495,127.3199167
36.63527016,127.3187085,36.63494792,127.3199271
36.63526818,127.3187135,36.63494583,127.3199375
36.63526621,127.3187185,36.63494375,127.3199479
36.63526424,127.3187235,36.63494167,127.3199583
36.63526227,127.3187285,36.63493958,127.3199688
36.6352603,127.3187335,36.6349375,127.3199792
36.63525833,127.3187385,36.63493542,127.3199896
36.63525636,127.3187435,36.63493333,127.32
36.63525439,127.3187484,36.63493307,127.320013
36.63525241,127.3187534,36.63493281,127.320026
36.63525044,127.3187584,36.63493255,127.3200391
36.63524847,127.3187634,36.63493229,127.3200521
36.6352465,127.3187684,36.63493203,127.3200651
36.63524453,127.3187734,36.63493177,127.3200781
36.63524256,127.3187784,36.63493151,127.3200911
36.63524059,127.3187834,36.63493125,127.3201042
36.63523862,127.3187884,36.63493099,127.3201172
36.63523664,127.3187934,36.63493073,127.3201302
36.63523467,127.3187984,36.63493047,127.3201432
36.6352327,127.3188034,36.63493021,127.3201563
36.63523073,127.3188084,36.63492995,127.3201693
36.63522876,127.3188134,36.63492969,127.3201823
36.63522679,127.3188183,36.63492943,127.3201953
36.63522482,127.3188233,36.63492917,127.3202083
36.63522285,127.3188283,36.63492891,127.3202214
36.63522087,127.3188333,36.63492865,127.3202344
36.6352189,127.3188383,36.63492839,127.3202474
36.63521693,127.3188433,36.63492813,127.3202604
36.63521496,127.3188483,36.63492786,127.3202734
36.63521299,127.3188533,36.6349276,127.3202865
36.63521102,127.3188583,36.63492734,127.3202995
36.63520905,127.3188633,36.63492708,127.3203125
36.63520708,127.3188683,36.63492682,127.3203255
36.6352051,127.3188733,36.63492656,127.3203385
36.63520313,127.3188783,36.6349263,127.3203516
36.63520116,127.3188832,36.63492604,127.3203646
36.63519919,127.3188882,36.63492578,127.3203776
36.63519722,127.3188932,36.63492552,127.3203906
36.63519525,127.3188982,36.63492526,127.3204036
36.63519328,127.3189032,36.634925,127.3204167
36.63519131,127.3189082,36.63492474,127.3204297
36.63518933,127.3189132,36.63492448,127.3204427
36.63518736,127.3189182,36.63492422,127.3204557
36.63518539,127.3189232,36.63492396,127.3204688
36.63518342,127.3189282,36.6349237,127.3204818
36.63518145,127.3189332,36.63492344,127.3204948
36.63517948,127.3189382,36.63492318,127.3205078
36.63517751,127.3189432,36.63492292,127.3205208
36.63517553,127.3189481,36.63492266,127.3205339
36.63517356,127.3189531,36.6349224,127.3205469
36.63517159,127.3189581,36.63492214,127.3205599
36.63516962,127.3189631,36.63492188,127.3205729
36.63516765,127.3189681,36.63492161,127.3205859
36.63516568,127.3189731,36.63492135,127.320599
36.63516371,127.3189781,36.63492109,127.320612
36.63516174,127.3189831,36.63492083,127.320625
36.63515976,127.3189881,36.63492057,127.320638
36.63515779,127.3189931,36.63492031,127.320651
36.63515582,127.3189981,36.63492005,127.3206641
36.63515385,127.3190031,36.63491979,127.3206771
36.63515188,127.3190081,36.63491953,127.3206901
36.63514991,127.3190131,36.63491927,127.3207031
36.63514794,127.319018,36.63491901,127.3207161
36.63514557,127.3190261,36.63491875,127.3207292
36.6351432,127.3190342,36.63491849,127.3207422
36.63514083,127.3190423,36.63491823,127.3207552
36.63513845,127.3190503,36.63491797,127.3207682
36.63513608,127.3190584,36.63491771,127.3207813
36.63513371,127.3190665,36.63491745,127.3207943
36.63513134,127.3190745,36.63491719,127.3208073
36.63512897,127.3190826,36.63491693,127.3208203
36.6351266,127.3190907,36.63491667,127.3208333
36.63512423,127.3190987,36.63491641,127.3208464
36.63512186,127.3191068,36.63491615,127.3208594
36.63511949,127.3191149,36.63491589,127.3208724
36.63511712,127.3191229,36.63491563,127.3208854
36.63511475,127.319131,36.63491536,127.3208984
36.63511238,127.3191391,36.6349151,127.3209115
36.63511001,127.3191471,36.63491484,127.3209245
36.63510764,127.3191552,36.63491458,127.3209375
36.63510527,127.3191633,36.63491432,127.3209505
36.6351029,127.3191714,36.63491406,127.3209635
36.63510052,127.3191794,36.6349138,127.3209766
36.63509815,127.3191875,36.63491354,127.3209896
36.63509578,127.3191956,36.63491328,127.3210026
36.63509341,127.3192036,36.63491302,127.3210156
36.63509104,127.3192117,36.63491276,127.3210286
36.63508867,127.3192198,36.6349125,127.3210417
36.6350863,127.3192278,36.63491224,127.3210547
36.63508393,127.3192359,36.63491198,127.3210677
36.63508156,127.319244,36.63491172,127.3210807
36.63507919,127.319252,36.63491146,127.3210938
36.63507682,127.3192601,36.6349112,127.3211068
36.63507445,127.3192682,36.63491094,127.3211198
36.63507208,127.3192762,36.63491068,127.3211328
36.63506971,127.3192843,36.63491042,127.3211458
36.63506734,127.3192924,36.63491016,127.3211589
36.63506497,127.3193005,36.6349099,127.3211719
36.63506259,127.3193085,36.63490964,127.3211849
36.63506022,127.3193166,36.63490938,127.3211979
36.63505785,127.3193247,36.63490911,127.3212109
36.63505548,127.3193327,36.63490885,127.321224
36.63505311,127.3193408,36.63490859,127.321237
36.63505074,127.3193489,36.63490833,127.32125
36.63504837,127.3193569,36.63490807,127.321263
36.635046,127.319365,36.63490781,127.321276
36.63504316,127.3193727,36.63490755,127.3212891
36.63504031,127.3193803,36.63490729,127.3213021
36.63503747,127.319388,36.63490703,127.3213151
36.63503463,127.3193957,36.63490677,127.3213281
36.63503178,127.3194034,36.63490651,127.3213411
36.63502894,127.319411,36.63490625,127.3213542
36.63502609,127.3194187,36.63490599,127.3213672
36.63502325,127.3194264,36.63490573,127.3213802
36.63502041,127.319434,36.63490547,127.3213932
36.63501756,127.3194417,36.63490521,127.3214063
36.63501472,127.3194494,36.63490495,127.3214193
36.63501188,127.3194571,36.63490469,127.3214323
36.63500903,127.3194647,36.63490443,127.3214453
36.63500619,127.3194724,36.63490417,127.3214583
36.63500334,127.3194801,36.63490391,127.3214714
36.6350005,127.3194878,36.63490365,127.3214844
36.63499766,127.3194954,36.63490339,127.3214974
36.63499481,127.3195031,36.63490313,127.3215104
36.63499197,127.3195108,36.63490286,127.3215234
36.63498913,127.3195184,36.6349026,127.3215365
36.63498628,127.3195261,36.63490234,127.3215495
36.63498344,127.3195338,36.63490208,127.3215625
36.63498059,127.3195415,36.63490182,127.3215755
36.63497775,127.3195491,36.63490156,127.3215885
36.63497491,127.3195568,36.6349013,127.3216016
36.63497206,127.3195645,36.63490104,127.3216146
36.63496922,127.3195721,36.63490078,127.3216276
36.63496638,127.3195798,36.63490052,127.3216406
36.63496353,127.3195875,36.63490026,127.3216536
36.63496069,127.3195952,36.6349,127.3216667
36.63495784,127.3196028,36.63489167,127.3216667
36.634955,127.3196105,36.63488333,127.3216667
36.63495216,127.3196182,36.634875,127.3216667
36.63494931,127.3196258,36.63486667,127.3216667
36.63494647,127.3196335,36.63486654,127.3216797
36.63494363,127.3196412,36.63486641,127.3216927
36.63494078,127.3196489,36.63486628,127.3217057
36.63493794,127.3196565,36.63486615,127.3217188
36.63493509,127.3196642,36.63486602,127.3217318
36.63493225,127.3196719,36.63486589,127.3217448
36.63492941,127.3196795,36.63486576,127.3217578
36.63492656,127.3196872,36.63486563,127.3217708
36.63492372,127.3196949,36.63486549,127.3217839
36.63492088,127.3197026,36.63486536,127.3217969
36.63491803,127.3197102,36.63486523,127.3218099
36.63491519,127.3197179,36.6348651,127.3218229
36.63491234,127.3197256,36.63486497,127.3218359
36.6349095,127.3197333,36.63486484,127.321849
36.63490666,127.3197409,36.63486471,127.321862
36.63490381,127.3197486,36.63486458,127.321875
36.63490097,127.3197563,36.63486445,127.321888
36.63489813,127.3197639,36.63486432,127.321901
36.63489528,127.3197716,36.63486419,127.3219141
36.63489244,127.3197793,36.63486406,127.3219271
36.63488959,127.319787,36.63486393,127.3219401
36.63488675,127.3197946,36.6348638,127.3219531
36.63488391,127.3198023,36.63486367,127.3219661
36.63488106,127.31981,36.63486354,127.3219792
36.63487822,127.3198176,36.63486341,127.3219922
36.63487538,127.3198253,36.63486328,127.3220052
36.63487253,127.319833,36.63486315,127.3220182
36.63486969,127.3198407,36.63486302,127.3220313
36.63486684,127.3198483,36.63486289,127.3220443
36.634864,127.319856,36.63486276,127.3220573
36.63486207,127.3198613,36.63486263,127.3220703
36.63486014,127.3198665,36.6348625,127.3220833
36.63485821,127.3198718,36.63486237,127.3220964
36.63485628,127.319877,36.63486224,127.3221094
36.63485435,127.3198823,36.63486211,127.3221224
36.63485242,127.3198875,36.63486198,127.3221354
36.63485049,127.3198928,36.63486185,127.3221484
36.63484856,127.319898,36.63486172,127.3221615
36.63484663,127.3199033,36.63486159,127.3221745
36.6348447,127.3199085,36.63486146,127.3221875
36.63484277,127.3199138,36.63486133,127.3222005
36.63484084,127.319919,36.6348612,127.3222135
36.63483891,127.3199243,36.63486107,127.3222266
36.63483698,127.3199295,36.63486094,127.3222396
36.63483505,127.3199348,36.63486081,127.3222526
36.63483313,127.31994,36.63486068,127.3222656
36.6348312,127.3199453,36.63486055,127.3222786
36.63482927,127.3199505,36.63486042,127.3222917
36.63482734,127.3199558,36.63486029,127.3223047
36.63482541,127.319961,36.63486016,127.3223177
36.63482348,127.3199663,36.63486003,127.3223307
36.63482155,127.3199715,36.6348599,127.3223438
36.63481962,127.3199768,36.63485977,127.3223568
36.63481769,127.319982,36.63485964,127.3223698
36.63481576,127.3199873,36.63485951,127.3223828
36.63481383,127.3199925,36.63485938,127.3223958
36.6348119,127.3199978,36.63485924,127.3224089
36.63480997,127.320003,36.63485911,127.3224219
36.63480804,127.3200083,36.63485898,127.3224349
36.63480611,127.3200135,36.63485885,127.3224479
36.63480418,127.3200188,36.63485872,127.3224609
36.63480225,127.320024,36.63485859,127.322474
36.63480032,127.3200293,36.63485846,127.322487
36.63479839,127.3200345,36.63485833,127.3225
36.63479646,127.3200398,36.6348582,127.322513
36.63479453,127.320045,36.63485807,127.322526
36.6347926,127.3200503,36.63485794,127.3225391
36.63479067,127.3200555,36.63485781,127.3225521
36.63478874,127.3200608,36.63485768,127.3225651
36.63478681,127.320066,36.63485755,127.3225781
36.63478488,127.3200713,36.63485742,127.3225911
36.63478295,127.3200765,36.63485729,127.3226042
36.63478102,127.3200818,36.63485716,127.3226172
36.63477909,127.320087,36.63485703,127.3226302
36.63477716,127.3200923,36.6348569,127.3226432
36.63477523,127.3200975,36.63485677,127.3226563
36.6347733,127.3201028,36.63485664,127.3226693
36.63477138,127.320108,36.63485651,127.3226823
36.63476945,127.3201133,36.63485638,127.3226953
36.63476752,127.3201185,36.63485625,127.3227083
36.63476559,127.3201238,36.63485612,127.3227214
36.63476366,127.320129,36.63485599,127.3227344
36.63476173,127.3201343,36.63485586,127.3227474
36.6347598,127.3201395,36.63485573,127.3227604
36.63475787,127.3201448,36.6348556,127.3227734
36.63475594,127.32015,36.63485547,127.3227865
36.63475401,127.3201553,36.63485534,127.3227995
36.63475208,127.3201605,36.63485521,127.3228125
36.63475015,127.3201658,36.63485508,127.3228255
36.63474822,127.320171,36.63485495,127.3228385
36.63474629,127.3201763,36.63485482,127.3228516
36.63474436,127.3201815,36.63485469,127.3228646
36.63474243,127.3201868,36.63485456,127.3228776
36.6347405,127.320192,36.63485443,127.3228906
36.63473857,127.3201973,36.6348543,127.3229036
36.63473664,127.3202025,36.63485417,127.3229167
36.63473471,127.3202078,36.63485404,127.3229297
36.63473278,127.320213,36.63485391,127.3229427
36.63473085,127.3202183,36.63485378,127.3229557
36.63472892,127.3202235,36.63485365,127.3229688
36.63472699,127.3202288,36.63485352,127.3229818
36.63472506,127.320234,36.63485339,127.3229948
36.63472313,127.3202393,36.63485326,127.3230078
36.6347212,127.3202445,36.63485313,127.3230208
36.63471927,127.3202498,36.63485299,127.3230339
36.63471734,127.320255,36.63485286,127.3230469
36.63471541,127.3202603,36.63485273,127.3230599
36.63471348,127.3202655,36.6348526,127.3230729
36.63471155,127.3202708,36.63485247,127.3230859
36.63470963,127.320276,36.63485234,127.323099
36.6347077,127.3202813,36.63485221,127.323112
36.63470577,127.3202865,36.63485208,127.323125
36.63470384,127.3202918,36.63485195,127.323138
36.63470191,127.320297,36.63485182,127.323151
36.63469998,127.3203023,36.63485169,127.3231641
36.63469805,127.3203075,36.63485156,127.3231771
36.63469612,127.3203128,36.63485143,127.3231901
36.63469419,127.320318,36.6348513,127.3232031
36.63469226,127.3203233,36.63485117,127.3232161
36.63469033,127.3203285,36.63485104,127.3232292
36.6346884,127.3203338,36.63485091,127.3232422
36.63468647,127.320339,36.63485078,127.3232552
36.63468454,127.3203443,36.63485065,127.3232682
36.63468261,127.3203495,36.63485052,127.3232813
36.63468068,127.3203548,36.63485039,127.3232943
36.63467875,127.32036,36.63485026,127.3233073
36.63467682,127.3203653,36.63485013,127.3233203
36.63467489,127.3203705,36.63485,127.3233333
36.63467296,127.3203758,36.6348498,127.3233223
36.63467103,127.320381,36.63484961,127.3233112
36.6346691,127.3203863,36.63484941,127.3233001
36.63466717,127.3203915,36.63484922,127.3232891
36.63466524,127.3203968,36.63484902,127.323278
36.63466331,127.320402,36.63484883,127.3232669
36.63466138,127.3204073,36.63484863,127.3232559
36.63465945,127.3204125,36.63484844,127.3232448
36.63465752,127.3204178,36.63484824,127.3232337
36.63465559,127.320423,36.63484805,127.3232227
36.63465366,127.3204283,36.63484785,127.3232116
36.63465173,127.3204335,36.63484766,127.3232005
36.6346498,127.3204388,36.63484746,127.3231895
36.63464788,127.320444,36.63484727,127.3231784
36.63464595,127.3204493,36.63484707,127.3231673
36.63464402,127.3204545,36.63484688,127.3231563
36.63464209,127.3204598,36.63484668,127.3231452
36.63464016,127.320465,36.63484648,127.3231341
36.63463823,127.3204703,36.63484629,127.323123
36.6346363,127.3204755,36.63484609,127.323112
36.63463437,127.3204808,36.6348459,127.3231009
36.63463244,127.320486,36.6348457,127.3230898
36.63463051,127.3204913,36.63484551,127.3230788
36.63462858,127.3204965,36.63484531,127.3230677
36.63462665,127.3205018,36.63484512,127.3230566
36.63462472,127.320507,36.63484492,127.3230456
36.63462279,127.3205123,36.63484473,127.3230345
36.63462086,127.3205175,36.63484453,127.3230234
36.63461893,127.3205228,36.63484434,127.3230124
36.634617,127.320528,36.63484414,127.3230013
36.63461527,127.3205331,36.63484395,127.3229902
36.63461353,127.3205382,36.63484375,127.3229792
36.6346118,127.3205432,36.63484355,127.3229681
36.63461006,127.3205483,36.63484336,127.322957
36.63460833,127.3205534,36.63484316,127.322946
36.63460659,127.3205585,36.63484297,127.3229349
36.63460486,127.3205635,36.63484277,127.3229238
36.63460313,127.3205686,36.63484258,127.3229128
36.63460139,127.3205737,36.63484238,127.3229017
36.63459966,127.3205788,36.63484219,127.3228906
36.63459792,127.3205839,36.63484199,127.3228796
36.63459619,127.3205889,36.6348418,127.3228685
36.63459445,127.320594,36.6348416,127.3228574
36.63459272,127.3205991,36.63484141,127.3228464
36.63459098,127.3206042,36.63484121,127.3228353
36.63458925,127.3206093,36.63484102,127.3228242
36.63458752,127.3206143,36.63484082,127.3228132
36.63458578,127.3206194,36.63484063,127.3228021
36.63458405,127.3206245,36.63484043,127.322791
36.63458231,127.3206296,36.63484023,127.3227799
36.63458058,127.3206346,36.63484004,127.3227689
36.63457884,127.3206397,36.63483984,127.3227578
36.63457711,127.3206448,36.63483965,127.3227467
36.63457538,127.3206499,36.63483945,127.3227357
36.63457364,127.320655,36.63483926,127.3227246
36.63457191,127.32066,36.63483906,127.3227135
36.63457017,127.3206651,36.63483887,127.3227025
36.63456844,127.3206702,36.63483867,127.3226914
36.6345667,127.3206753,36.63483848,127.3226803
36.63456497,127.3206803,36.63483828,127.3226693
36.63456323,127.3206854,36.63483809,127.3226582
36.6345615,127.3206905,36.63483789,127.3226471
36.63455977,127.3206956,36.6348377,127.3226361
36.63455803,127.3207007,36.6348375,127.322625
36.6345563,127.3207057,36.6348373,127.3226139
36.63455456,127.3207108,36.63483711,127.3226029
36.63455283,127.3207159,36.63483691,127.3225918
36.63455109,127.320721,36.63483672,127.3225807
36.63454936,127.320726,36.63483652,127.3225697
36.63454763,127.3207311,36.63483633,127.3225586
36.63454589,127.3207362,36.63483613,127.3225475
36.63454416,127.3207413,36.63483594,127.3225365
36.63454242,127.3207464,36.63483574,127.3225254
36.63454069,127.3207514,36.63483555,127.3225143
36.63453895,127.3207565,36.63483535,127.3225033
36.63453722,127.3207616,36.63483516,127.3224922
36.63453548,127.3207667,36.63483496,127.3224811
36.63453375,127.3207718,36.63483477,127.3224701
36.63453202,127.3207768,36.63483457,127.322459
36.63453028,127.3207819,36.63483438,127.3224479
36.63452855,127.320787,36.63483418,127.3224368
36.63452681,127.3207921,36.63483398,127.3224258
36.63452508,127.3207971,36.63483379,127.3224147
36.63452334,127.3208022,36.63483359,127.3224036
36.63452161,127.3208073,36.6348334,127.3223926
36.63451988,127.3208124,36.6348332,127.3223815
36.63451814,127.3208175,36.63483301,127.3223704
36.63451641,127.3208225,36.63483281,127.3223594
36.63451467,127.3208276,36.63483262,127.3223483
36.63451294,127.3208327,36.63483242,127.3223372
36.6345112,127.3208378,36.63483223,127.3223262
36.63450947,127.3208428,36.63483203,127.3223151
36.63450773,127.3208479,36.63483184,127.322304
36.634506,127.320853,36.63483164,127.322293
36.63450348,127.3208584,36.63483145,127.3222819
36.63450096,127.3208638,36.63483125,127.3222708
36.63449843,127.3208692,36.63483105,127.3222598
36.63449591,127.3208746,36.63483086,127.3222487
36.63449339,127.32088,36.63483066,127.3222376
36.63449087,127.3208854,36.63483047,127.3222266
36.63448834,127.3208908,36.63483027,127.3222155
36.63448582,127.3208962,36.63483008,127.3222044
36.6344833,127.3209016,36.63482988,127.3221934
36.63448078,127.320907,36.63482969,127.3221823
36.63447826,127.3209124,36.63482949,127.3221712
36.63447573,127.3209178,36.6348293,127.3221602
36.63447321,127.3209232,36.6348291,127.3221491
36.63447069,127.3209286,36.63482891,127.322138
36.63446817,127.320934,36.63482871,127.322127
36.63446565,127.3209394,36.63482852,127.3221159
36.63446312,127.3209447,36.63482832,127.3221048
36.6344606,127.3209501,36.63482813,127.3220938
36.63445808,127.3209555,36.63482793,127.3220827
36.63445556,127.3209609,36.63482773,127.3220716
36.63445303,127.3209663,36.63482754,127.3220605
36.63445051,127.3209717,36.63482734,127.3220495
36.63444799,127.3209771,36.63482715,127.3220384
36.63444547,127.3209825,36.63482695,127.3220273
36.63444295,127.3209879,36.63482676,127.3220163
36.63444042,127.3209933,36.63482656,127.3220052
36.6344379,127.3209987,36.63482637,127.3219941
36.63443538,127.3210041,36.63482617,127.3219831
36.63443286,127.3210095,36.63482598,127.321972
36.63443033,127.3210149,36.63482578,127.3219609
36.63442781,127.3210203,36.63482559,127.3219499
36.63442529,127.3210257,36.63482539,127.3219388
36.63442347,127.3210308,36.6348252,127.3219277
36.63442165,127.3210358,36.634825,127.3219167
36.63441984,127.3210409,36.6348248,127.3219056
36.63441802,127.3210459,36.63482461,127.3218945
36.6344162,127.321051,36.63482441,127.3218835
36.63441438,127.321056,36.63482422,127.3218724
36.63441257,127.3210611,36.63482402,127.3218613
36.63441075,127.3210661,36.63482383,127.3218503
36.63440893,127.3210712,36.63482363,127.3218392
36.63440711,127.3210762,36.63482344,127.3218281
36.63440529,127.3210813,36.63482324,127.3218171
36.63440348,127.3210863,36.63482305,127.321806
36.63440166,127.3210914,36.63482285,127.3217949
36.63439984,127.3210964,36.63482266,127.3217839
36.63439802,127.3211015,36.63482246,127.3217728
36.63439621,127.3211065,36.63482227,127.3217617
36.63439439,127.3211116,36.63482207,127.3217507
36.63439257,127.3211166,36.63482188,127.3217396
36.63439075,127.3211217,36.63482168,127.3217285
36.63438893,127.3211267,36.63482148,127.3217174
36.63438712,127.3211318,36.63482129,127.3217064
36.6343853,127.3211368,36.63482109,127.3216953
36.63438348,127.3211419,36.6348209,127.3216842
36.63438166,127.3211469,36.6348207,127.3216732
36.63437984,127.321152,36.63482051,127.3216621
36.63437803,127.321157,36.63482031,127.321651
36.63437621,127.3211621,36.63482012,127.32164
36.63437439,127.3211671,36.63481992,127.3216289
36.63437257,127.3211722,36.63481973,127.3216178
36.63437076,127.3211772,36.63481953,127.3216068
36.63436894,127.3211823,36.63481934,127.3215957
36.63436712,127.3211873,36.63481914,127.3215846
36.63436512,127.3211924,36.63481895,127.3215736
36.63436313,127.3211974,36.63481875,127.3215625
36.63436113,127.3212025,36.63481855,127.3215514
36.63435914,127.3212075,36.63481836,127.3215404
36.63435714,127.3212126,36.63481816,127.3215293
36.63435515,127.3212176,36.63481797,127.3215182
36.63435315,127.3212227,36.63481777,127.3215072
36.63435116,127.3212277,36.63481758,127.3214961
36.63434916,127.3212328,36.63481738,127.321485
36.63434716,127.3212378,36.63481719,127.321474
36.63434517,127.3212429,36.63481699,127.3214629
36.63434317,127.3212479,36.6348168,127.3214518
36.63434118,127.321253,36.6348166,127.3214408
36.63433918,127.321258,36.63481641,127.3214297
36.63433719,127.3212631,36.63481621,127.3214186
36.63433519,127.3212682,36.63481602,127.3214076
36.63433319,127.3212732,36.63481582,127.3213965
36.6343312,127.3212783,36.63481563,127.3213854
36.6343292,127.3212833,36.63481543,127.3213743
36.63432721,127.3212884,36.63481523,127.3213633
36.63432521,127.3212934,36.63481504,127.3213522
36.63432322,127.3212985,36.63481484,127.3213411
36.63432122,127.3213035,36.63481465,127.3213301
36.63431923,127.3213086,36.63481445,127.321319
36.63431723,127.3213136,36.63481426,127.3213079
36.63431523,127.3213187,36.63481406,127.3212969
36.63431324,127.3213237,36.63481387,127.3212858
36.63431124,127.3213288,36.63481367,127.3212747
36.63430925,127.3213338,36.63481348,127.3212637
36.63430725,127.3213389,36.63481328,127.3212526
36.63430526,127.3213439,36.63481309,127.3212415
36.63430326,127.321349,36.63481289,127.3212305
36.63430157,127.3213542,36.6348127,127.3212194
36.63429987,127.3213594,36.6348125,127.3212083
36.63429818,127.3213646,36.6348123,127.3211973
36.63429649,127.3213698,36.63481211,127.3211862
36.6342948,127.321375,36.63481191,127.3211751
36.6342931,127.3213803,36.63481172,127.3211641
36.63429141,127.3213855,36.63481152,127.321153
36.63428972,127.3213907,36.63481133,127.3211419
36.63428802,127.3213959,36.63481113,127.3211309
36.63428633,127.3214011,36.63481094,127.3211198
36.63428464,127.3214063,36.63481074,127.3211087
36.63428295,127.3214115,36.63481055,127.3210977
36.63428125,127.3214167,36.63481035,127.3210866
36.63427956,127.3214219,36.63481016,127.3210755
36.63427787,127.3214271,36.63480996,127.3210645
36.63427618,127.3214324,36.63480977,127.3210534
36.63427448,127.3214376,36.63480957,127.3210423
36.63427279,127.3214428,36.63480938,127.3210313
36.6342711,127.321448,36.63480918,127.3210202
36.6342694,127.3214532,36.63480898,127.3210091
36.63426771,127.3214584,36.63480879,127.320998
36.63426602,127.3214636,36.63480859,127.320987
36.63426433,127.3214688,36.6348084,127.3209759
36.63426263,127.321474,36.6348082,127.3209648
36.63426094,127.3214792,36.63480801,127.3209538
36.63425925,127.3214844,36.63480781,127.3209427
36.63425755,127.3214897,36.63480762,127.3209316
36.63425586,127.3214949,36.63480742,127.3209206
36.63425417,127.3215001,36.63480723,127.3209095
36.63425248,127.3215053,36.63480703,127.3208984
36.63425078,127.3215105,36.63480684,127.3208874
36.63424909,127.3215157,36.63480664,127.3208763
36.63424726,127.3215214,36.63480645,127.3208652
36.63424544,127.3215271,36.63480625,127.3208542
36.63424361,127.3215328,36.63480605,127.3208431
36.63424178,127.3215385,36.63480586,127.320832
36.63423996,127.3215442,36.63480566,127.320821
36.63423813,127.3215499,36.63480547,127.3208099
36.6342363,127.3215556,36.63480527,127.3207988
36.63423448,127.3215613,36.63480508,127.3207878
36.63423265,127.3215669,36.63480488,127.3207767
36.63423082,127.3215726,36.63480469,127.3207656
36.63422899,127.3215783,36.63480449,127.3207546
36.63422717,127.321584,36.6348043,127.3207435
36.63422534,127.3215897,36.6348041,127.3207324
36.63422351,127.3215954,36.63480391,127.3207214
36.63422169,127.3216011,36.63480371,127.3207103
36.63421986,127.3216068,36.63480352,127.3206992
36.63421803,127.3216125,36.63480332,127.3206882
36.63421621,127.3216182,36.63480313,127.3206771
36.63421438,127.3216239,36.63480293,127.320666
36.63421255,127.3216296,36.63480273,127.3206549
36.63421073,127.3216353,36.63480254,127.3206439
36.6342089,127.321641,36.63480234,127.3206328
36.63420707,127.3216467,36.63480215,127.3206217
36.63420525,127.3216524,36.63480195,127.3206107
36.63420342,127.321658,36.63480176,127.3205996
36.63420159,127.3216637,36.63480156,127.3205885
36.63419976,127.3216694,36.63480137,127.3205775
36.63419794,127.3216751,36.63480117,127.3205664
36.63419611,127.3216808,36.63480098,127.3205553
36.63419428,127.3216865,36.63480078,127.3205443
36.63419246,127.3216922,36.63480059,127.3205332
36.63419063,127.3216979,36.63480039,127.3205221
36.63418883,127.321703,36.6348002,127.3205111
36.63418702,127.321708,36.6348,127.3205
36.63418522,127.3217131,36.63479167,127.3205
36.63418341,127.3217182,36.63478333,127.3205
36.63418161,127.3217232,36.634775,127.3205
36.63417981,127.3217283,36.63476667,127.3205
36.634178,127.3217334,36.63476458,127.3205104
36.6341762,127.3217384,36.6347625,127.3205208
36.63417439,127.3217435,36.63476042,127.3205313
36.63417259,127.3217486,36.63475833,127.3205417
36.63417079,127.3217536,36.63475625,127.3205521
36.63416898,127.3217587,36.63475417,127.3205625
36.63416718,127.3217638,36.63475208,127.3205729
36.63416537,127.3217688,36.63475,127.3205833
36.63416357,127.3217739,36.63474792,127.3205938
36.63416177,127.321779,36.63474583,127.3206042
36.63415996,127.321784,36.63474375,127.3206146
36.63415816,127.3217891,36.63474167,127.320625
36.63415635,127.3217941,36.63473958,127.3206354
36.63415455,127.3217992,36.6347375,127.3206458
36.63415274,127.3218043,36.63473542,127.3206562
36.63415094,127.3218093,36.63473333,127.3206667
36.63414914,127.3218144,36.63472813,127.3206771
36.63414733,127.3218195,36.63472292,127.3206875
36.63414553,127.3218245,36.63471771,127.3206979
36.63414372,127.3218296,36.6347125,127.3207083
36.63414192,127.3218347,36.63470729,127.3207187
36.63414012,127.3218397,36.63470208,127.3207292
36.63413831,127.3218448,36.63469688,127.3207396
36.63413651,127.3218499,36.63469167,127.32075
36.6341347,127.3218549,36.63468646,127.3207604
36.6341329,127.32186,36.63468125,127.3207708
36.6341311,127.3218651,36.63467604,127.3207813
36.63412929,127.3218701,36.63467083,127.3207917
36.63412749,127.3218752,36.63466563,127.3208021
36.63412568,127.3218803,36.63466042,127.3208125
36.63412388,127.3218853,36.63465521,127.3208229
36.63412208,127.3218904,36.63465,127.3208333
36.63412027,127.3218955,36.63464688,127.3208438
36.63411847,127.3219005,36.63464375,127.3208542
36.63411666,127.3219056,36.63464063,127.3208646
36.63411486,127.3219107,36.6346375,127.320875
36.63411306,127.3219157,36.63463438,127.3208854
36.63411125,127.3219208,36.63463125,127.3208958
36.63410945,127.3219259,36.63462813,127.3209063
36.63410764,127.3219309,36.634625,127.3209167
36.63410584,127.321936,36.63462188,127.3209271
36.63410404,127.3219411,36.63461875,127.3209375
36.63410223,127.3219461,36.63461563,127.3209479
36.63410043,127.3219512,36.6346125,127.3209583
36.63409862,127.3219562,36.63460938,127.3209688
36.63409682,127.3219613,36.63460625,127.3209792
36.63409501,127.3219664,36.63460313,127.3209896
36.63409321,127.3219714,36.6346,127.321
36.63409141,127.3219765,36.63459167,127.321
36.6340896,127.3219816,36.63458333,127.321
36.6340878,127.3219866,36.634575,127.321
36.63408599,127.3219917,36.63456667,127.321
36.63408419,127.3219968,36.63456458,127.3210104
36.63408239,127.3220018,36.6345625,127.3210208
36.63408058,127.3220069,36.63456042,127.3210313
36.63407878,127.322012,36.63455833,127.3210417
36.63407697,127.322017,36.63455625,127.3210521
36.63407517,127.3220221,36.63455417,127.3210625
36.63407315,127.3220274,36.63455208,127.3210729
36.63407112,127.3220327,36.63455,127.3210833
36.6340691,127.322038,36.63454792,127.3210938
36.63406707,127.3220433,36.63454583,127.3211042
36.63406505,127.3220486,36.63454375,127.3211146
36.63406302,127.3220538,36.63454167,127.321125
36.634061,127.3220591,36.63453958,127.3211354
36.63405898,127.3220644,36.6345375,127.3211458
36.63405695,127.3220697,36.63453542,127.3211562
36.63405493,127.322075,36.63453333,127.3211667
36.6340529,127.3220803,36.63453125,127.3211771
36.63405088,127.3220856,36.63452917,127.3211875
36.63404885,127.3220909,36.63452708,127.3211979
36.63404683,127.3220962,36.634525,127.3212083
36.6340448,127.3221015,36.63452292,127.3212187
36.63404278,127.3221068,36.63452083,127.3212292
36.63404076,127.322112,36.63451875,127.3212396
36.63403873,127.3221173,36.63451667,127.32125
36.63403671,127.3221226,36.63451458,127.3212604
36.63403468,127.3221279,36.6345125,127.3212708
36.63403266,127.3221332,36.63451042,127.3212813
36.63403063,127.3221385,36.63450833,127.3212917
36.63402861,127.3221438,36.63450625,127.3213021
36.63402659,127.3221491,36.63450417,127.3213125
36.63402456,127.3221544,36.63450208,127.3213229
36.63402254,127.3221597,36.6345,127.3213333
36.63402051,127.3221649,36.63449375,127.3213333
36.63401849,127.3221702,36.6344875,127.3213333
36.63401646,127.3221755,36.63448125,127.3213333
36.63401444,127.3221808,36.634475,127.3213333
36.63401241,127.3221861,36.63446875,127.3213333
36.63401039,127.3221914,36.6344625,127.3213333
36.63400847,127.3221964,36.63445625,127.3213333
36.63400654,127.3222015,36.63445,127.3213333
36.63400462,127.3222065,36.63444792,127.3213411
36.6340027,127.3222115,36.63444583,127.321349
36.63400077,127.3222165,36.63444375,127.3213568
36.63399885,127.3222216,36.63444167,127.3213646
36.63399693,127.3222266,36.63443958,127.3213724
36.63399501,127.3222316,36.6344375,127.3213802
36.63399308,127.3222366,36.63443542,127.321388
36.63399116,127.3222417,36.63443333,127.3213958
36.63398924,127.3222467,36.63443125,127.3214036
36.63398731,127.3222517,36.63442917,127.3214115
36.63398539,127.3222567,36.63442708,127.3214193
36.63398347,127.3222618,36.634425,127.3214271
36.63398154,127.3222668,36.63442292,127.3214349
36.63397962,127.3222718,36.63442083,127.3214427
36.6339777,127.3222768,36.63441875,127.3214505
36.63397577,127.3222819,36.63441667,127.3214583
36.63397385,127.3222869,36.63441458,127.3214661
36.63397193,127.3222919,36.6344125,127.321474
36.63397,127.3222969,36.63441042,127.3214818
36.63396808,127.322302,36.63440833,127.3214896
36.63396616,127.322307,36.63440625,127.3214974
36.63396424,127.322312,36.63440417,127.3215052
36.63396231,127.322317,36.63440208,127.321513
36.63396039,127.3223221,36.6344,127.3215208
36.63395847,127.3223271,36.63439792,127.3215286
36.63395654,127.3223321,36.63439583,127.3215365
36.63395462,127.3223371,36.63439375,127.3215443
36.6339527,127.3223422,36.63439167,127.3215521
36.63395077,127.3223472,36.63438958,127.3215599
36.63394885,127.3223522,36.6343875,127.3215677
36.63394615,127.3223601,36.63438542,127.3215755
36.63394345,127.3223679,36.63438333,127.3215833
36.63394075,127.3223758,36.63438125,127.3215911
36.63393804,127.3223837,36.63437917,127.321599
36.63393534,127.3223916,36.63437708,127.3216068
36.63393264,127.3223994,36.634375,127.3216146
36.63392994,127.3224073,36.63437292,127.3216224
36.63392724,127.3224152,36.63437083,127.3216302
36.63392454,127.3224231,36.63436875,127.321638
36.63392184,127.3224309,36.63436667,127.3216458
36.63391913,127.3224388,36.63436458,127.3216536
36.63391643,127.3224467,36.6343625,127.3216615
36.63391373,127.3224546,36.63436042,127.3216693
36.63391103,127.3224624,36.63435833,127.3216771
36.63390833,127.3224703,36.63435625,127.3216849
36.63390563,127.3224782,36.63435417,127.3216927
36.63390293,127.322486,36.63435208,127.3217005
36.63390022,127.3224939,36.63435,127.3217083
36.63389752,127.3225018,36.63434792,127.3217161
36.63389482,127.3225097,36.63434583,127.321724
36.63389212,127.3225175,36.63434375,127.3217318
36.63388942,127.3225254,36.63434167,127.3217396
36.63388672,127.3225333,36.63433958,127.3217474
36.63388402,127.3225412,36.6343375,127.3217552
36.63388131,127.322549,36.63433542,127.321763
36.63387861,127.3225569,36.63433333,127.3217708
36.63387591,127.3225648,36.63433125,127.3217786
36.63387321,127.3225727,36.63432917,127.3217865
36.63387051,127.3225805,36.63432708,127.3217943
36.63386781,127.3225884,36.634325,127.3218021
36.63386511,127.3225963,36.63432292,127.3218099
36.63386241,127.3226042,36.63432083,127.3218177
36.6338597,127.322612,36.63431875,127.3218255
36.633857,127.3226199,36.63431667,127.3218333
36.6338543,127.3226278,36.63430833,127.3218333
36.6338516,127.3226356,36.6343,127.3218333
36.6338489,127.3226435,36.63429167,127.3218333
36.6338462,127.3226514,36.63428333,127.3218333
36.6338435,127.3226593,36.63428125,127.3218438
36.63384079,127.3226671,36.63427917,127.3218542
36.63383809,127.322675,36.63427708,127.3218646
36.63383539,127.3226829,36.634275,127.321875
36.63383269,127.3226908,36.63427292,127.3218854
36.63382999,127.3226986,36.63427083,127.3218958
36.63382729,127.3227065,36.63426875,127.3219063
36.63382459,127.3227144,36.63426667,127.3219167
36.63382188,127.3227223,36.63426458,127.3219271
36.63381918,127.3227301,36.6342625,127.3219375
36.63381648,127.322738,36.63426042,127.3219479
36.63381378,127.3227459,36.63425833,127.3219583
36.63381108,127.3227537,36.63425625,127.3219688
36.63380838,127.3227616,36.63425417,127.3219792
36.63380568,127.3227695,36.63425208,127.3219896
36.63380297,127.3227774,36.63425,127.322
36.63380027,127.3227852,36.63424688,127.3220104
36.63379757,127.3227931,36.63424375,127.3220208
36.63379487,127.322801,36.63424063,127.3220313
36.63379217,127.3228089,36.6342375,127.3220417
36.63378947,127.3228167,36.63423438,127.3220521
36.63378677,127.3228246,36.63423125,127.3220625
36.63378406,127.3228325,36.63422813,127.3220729
36.63378136,127.3228404,36.634225,127.3220833
36.63377866,127.3228482,36.63422188,127.3220938
36.63377596,127.3228561,36.63421875,127.3221042
36.63377378,127.3228627,36.63421563,127.3221146
36.6337716,127.3228692,36.6342125,127.322125
36.63376942,127.3228758,36.63420938,127.3221354
36.63376724,127.3228823,36.63420625,127.3221458
36.63376506,127.3228889,36.63420313,127.3221562
36.63376288,127.3228954,36.6342,127.3221667
36.6337607,127.322902,36.63419167,127.3221667
36.63375853,127.3229085,36.63418333,127.3221667
36.63375635,127.3229151,36.634175,127.3221667
36.63375417,127.3229216,36.63416667,127.3221667
36.63375199,127.3229282,36.63416562,127.3221771
36.63374981,127.3229347,36.63416458,127.3221875
36.63374763,127.3229413,36.63416354,127.3221979
36.63374545,127.3229479,36.6341625,127.3222083
36.63374327,127.3229544,36.63416146,127.3222188
36.63374109,127.322961,36.63416042,127.3222292
36.63373891,127.3229675,36.63415938,127.3222396
36.63373673,127.3229741,36.63415833,127.32225
36.63373455,127.3229806,36.63415729,127.3222604
36.63373237,127.3229872,36.63415625,127.3222708
36.63373019,127.3229937,36.63415521,127.3222813
36.63372801,127.3230003,36.63415417,127.3222917
36.63372583,127.3230068,36.63415313,127.3223021
36.63372366,127.3230134,36.63415208,127.3223125
36.63372148,127.3230199,36.63415104,127.3223229
36.6337193,127.3230265,36.63415,127.3223333
36.63371712,127.3230331,36.63414688,127.3223438
36.63371494,127.3230396,36.63414375,127.3223542
36.63371276,127.3230462,36.63414063,127.3223646
36.63371058,127.3230527,36.6341375,127.322375
36.6337084,127.3230593,36.63413438,127.3223854
36.63370622,127.3230658,36.63413125,127.3223958
36.63370404,127.3230724,36.63412813,127.3224063
36.63370186,127.3230789,36.634125,127.3224167
36.63369968,127.3230855,36.63412188,127.3224271
36.6336975,127.323092,36.63411875,127.3224375
36.63369532,127.3230986,36.63411563,127.3224479
36.63369314,127.3231051,36.6341125,127.3224583
36.63369096,127.3231117,36.63410938,127.3224688
36.63368879,127.3231183,36.63410625,127.3224792
36.63368661,127.3231248,36.63410313,127.3224896
36.63368443,127.3231314,36.6341,127.3225
36.63368225,127.3231379,36.63409167,127.3225
36.63368007,127.3231445,36.63408333,127.3225
36.63367789,127.323151,36.634075,127.3225
36.63367571,127.3231576,36.63406667,127.3225
36.63367353,127.3231641,36.63406458,127.3225104
36.63367135,127.3231707,36.6340625,127.3225208
36.63366917,127.3231772,36.63406042,127.3225313
36.63366699,127.3231838,36.63405833,127.3225417
36.63366481,127.3231903,36.63405625,127.3225521
36.63366263,127.3231969,36.63405417,127.3225625
36.63366045,127.3232035,36.63405208,127.3225729
36.63365827,127.32321,36.63405,127.3225833
36.63365609,127.3232166,36.63404792,127.3225938
36.63365392,127.3232231,36.63404583,127.3226042
36.63365174,127.3232297,36.63404375,127.3226146
36.63364956,127.3232362,36.63404167,127.322625
36.63364738,127.3232428,36.63403958,127.3226354
36.6336452,127.3232493,36.6340375,127.3226458
36.63364302,127.3232559,36.63403542,127.3226562
36.63364084,127.3232624,36.63403333,127.3226667
36.63363866,127.323269,36.63403125,127.3226771
36.63363648,127.3232756,36.63402917,127.3226875
36.6336343,127.3232821,36.63402708,127.3226979
36.63363212,127.3232887,36.634025,127.3227083
36.63362994,127.3232952,36.63402292,127.3227187
36.63362776,127.3233018,36.63402083,127.3227292
36.63362558,127.3233083,36.63401875,127.3227396
36.6336234,127.3233149,36.63401667,127.32275
36.63362122,127.3233214,36.63401458,127.3227604
36.63361905,127.323328,36.6340125,127.3227708
36.63361687,127.3233345,36.63401042,127.3227813
36.63361469,127.3233411,36.63400833,127.3227917
36.63361251,127.3233476,36.63400625,127.3228021
36.63361033,127.3233542,36.63400417,127.3228125
36.63360815,127.3233608,36.63400208,127.3228229
36.63360597,127.3233673,36.634,127.3228333
36.63360379,127.3233739,36.63399167,127.3228333
36.63360161,127.3233804,36.63398333,127.3228333
36.63359943,127.323387,36.633975,127.3228333
36.63359725,127.3233935,36.63396667,127.3228333
36.63359507,127.3234001,36.63396354,127.3228438
36.63359289,127.3234066,36.63396042,127.3228542
36.63359071,127.3234132,36.63395729,127.3228646
36.63358853,127.3234197,36.63395417,127.322875
36.63358635,127.3234263,36.63395104,127.3228854
36.63358418,127.3234328,36.63394792,127.3228958
36.633582,127.3234394,36.63394479,127.3229063
36.63357982,127.323446,36.63394167,127.3229167
36.63357764,127.3234525,36.63393854,127.3229271
36.63357546,127.3234591,36.63393542,127.3229375
36.63357328,127.3234656,36.63393229,127.3229479
36.6335711,127.3234722,36.63392917,127.3229583
36.63356892,127.3234787,36.63392604,127.3229688
36.63356674,127.3234853,36.63392292,127.3229792
36.63356456,127.3234918,36.63391979,127.3229896
36.63356238,127.3234984,36.63391667,127.323
36.6335602,127.3235049,36.63390833,127.323
36.63355802,127.3235115,36.6339,127.323
36.63355584,127.323518,36.63389167,127.323
36.63355366,127.3235246,36.63388333,127.323
36.63355148,127.3235312,36.63388125,127.3230104
36.63354931,127.3235377,36.63387917,127.3230208
36.63354713,127.3235443,36.63387708,127.3230313
36.63354495,127.3235508,36.633875,127.3230417
36.63354277,127.3235574,36.63387292,127.3230521
36.63354059,127.3235639,36.63387083,127.3230625
36.63353841,127.3235705,36.63386875,127.3230729
36.63353623,127.323577,36.63386667,127.3230833
36.63353405,127.3235836,36.63386458,127.3230938
36.63353187,127.3235901,36.6338625,127.3231042
36.63352969,127.3235967,36.63386042,127.3231146
36.63352751,127.3236032,36.63385833,127.323125
36.63352533,127.3236098,36.63385625,127.3231354
36.63352315,127.3236164,36.63385417,127.3231458
36.63352097,127.3236229,36.63385208,127.3231562
36.63351879,127.3236295,36.63385,127.3231667
36.63351661,127.323636,36.63384792,127.3231771
36.63351444,127.3236426,36.63384583,127.3231875
36.63351226,127.3236491,36.63384375,127.3231979
36.63351008,127.3236557,36.63384167,127.3232083
36.6335079,127.3236622,36.63383958,127.3232187
36.63350572,127.3236688,36.6338375,127.3232292
36.63350354,127.3236753,36.63383542,127.3232396
36.63350136,127.3236819,36.63383333,127.32325
36.63349918,127.3236884,36.63383125,127.3232604
36.633497,127.323695,36.63382917,127.3232708
36.63349511,127.3237001,36.63382708,127.3232813
36.63349323,127.3237052,36.633825,127.3232917
36.63349134,127.3237104,36.63382292,127.3233021
36.63348946,127.3237155,36.63382083,127.3233125
36.63348757,127.3237206,36.63381875,127.3233229
36.63348569,127.3237257,36.63381667,127.3233333
36.6334838,127.3237309,36.63381042,127.3233333
36.63348191,127.323736,36.63380417,127.3233333
36.63348003,127.3237411,36.63379792,127.3233333
36.63347814,127.3237462,36.63379167,127.3233333
36.63347626,127.3237514,36.63378542,127.3233333
36.63347437,127.3237565,36.63377917,127.3233333
36.63347249,127.3237616,36.63377292,127.3233333
36.6334706,127.3237667,36.63376667,127.3233333
36.63346871,127.3237719,36.63376458,127.3233438
36.63346683,127.323777,36.6337625,127.3233542
36.63346494,127.3237821,36.63376042,127.3233646
36.63346306,127.3237872,36.63375833,127.323375
36.63346117,127.3237923,36.63375625,127.3233854
36.63345929,127.3237975,36.63375417,127.3233958
36.6334574,127.3238026,36.63375208,127.3234063
36.63345551,127.3238077,36.63375,127.3234167
36.63345363,127.3238128,36.63374792,127.3234271
36.63345174,127.323818,36.63374583,127.3234375
36.63344986,127.3238231,36.63374375,127.3234479
36.63344797,127.3238282,36.63374167,127.3234583
36.63344609,127.3238333,36.63373958,127.3234688
36.6334442,127.3238385,36.6337375,127.3234792
36.63344231,127.3238436,36.63373542,127.3234896
36.63344043,127.3238487,36.63373333,127.3235
36.63343854,127.3238538,36.63372708,127.3235
36.63343666,127.323859,36.63372083,127.3235
36.63343477,127.3238641,36.63371458,127.3235
36.63343289,127.3238692,36.63370833,127.3235
36.633431,127.3238743,36.63370208,127.3235
36.63342911,127.3238794,36.63369583,127.3235
36.63342723,127.3238846,36.63368958,127.3235
36.63342534,127.3238897,36.63368333,127.3235
36.63342346,127.3238948,36.63368125,127.3235104
36.63342157,127.3238999,36.63367917,127.3235208
36.63341969,127.3239051,36.63367708,127.3235313
36.6334178,127.3239102,36.633675,127.3235417
36.63341591,127.3239153,36.63367292,127.3235521
36.63341403,127.3239204,36.63367083,127.3235625
36.63341214,127.3239256,36.63366875,127.3235729
36.63341026,127.3239307,36.63366667,127.3235833
36.63340837,127.3239358,36.63366458,127.3235938
36.63340649,127.3239409,36.6336625,127.3236042
36.6334046,127.323946,36.63366042,127.3236146
36.63340271,127.3239512,36.63365833,127.323625
36.63340083,127.3239563,36.63365625,127.3236354
36.63339894,127.3239614,36.63365417,127.3236458
36.63339706,127.3239665,36.63365208,127.3236562
36.63339517,127.3239717,36.63365,127.3236667
36.63339329,127.3239768,36.63364792,127.3236771
36.6333914,127.3239819,36.63364583,127.3236875
36.63338951,127.323987,36.63364375,127.3236979
36.63338763,127.3239922,36.63364167,127.3237083
36.63338574,127.3239973,36.63363958,127.3237187
36.63338386,127.3240024,36.6336375,127.3237292
36.63338197,127.3240075,36.63363542,127.3237396
36.63338009,127.3240127,36.63363333,127.32375
36.6333782,127.3240178,36.63363125,127.3237604
36.63337632,127.3240229,36.63362917,127.3237708
36.63337443,127.324028,36.63362708,127.3237813
36.63337254,127.3240331,36.633625,127.3237917
36.63337066,127.3240383,36.63362292,127.3238021
36.63336877,127.3240434,36.63362083,127.3238125
36.63336689,127.3240485,36.63361875,127.3238229
36.633365,127.3240536,36.63361667,127.3238333
36.63336312,127.3240588,36.63360833,127.3238333
36.63336123,127.3240639,36.6336,127.3238333
36.63335934,127.324069,36.63359167,127.3238333
36.63335746,127.3240741,36.63358333,127.3238333
36.63335557,127.3240793,36.63358125,127.3238438
36.63335369,127.3240844,36.63357917,127.3238542
36.6333518,127.3240895,36.63357708,127.3238646
36.63334992,127.3240946,36.633575,127.323875
36.63334803,127.3240998,36.63357292,127.3238854
36.63334614,127.3241049,36.63357083,127.3238958
36.63334426,127.32411,36.63356875,127.3239063
36.63334237,127.3241151,36.63356667,127.3239167
36.63334049,127.3241202,36.63356458,127.3239271
36.6333386,127.3241254,36.6335625,127.3239375
36.63333672,127.3241305,36.63356042,127.3239479
36.63333483,127.3241356,36.63355833,127.3239583
36.63333294,127.3241407,36.63355625,127.3239688
36.63333106,127.3241459,36.63355417,127.3239792
36.63332917,127.324151,36.63355208,127.3239896
36.63332729,127.3241561,36.63355,127.324
36.6333254,127.3241612,36.63354792,127.3240104
36.63332352,127.3241664,36.63354583,127.3240208
36.63332163,127.3241715,36.63354375,127.3240313
36.63331974,127.3241766,36.63354167,127.3240417
36.63331786,127.3241817,36.63353958,127.3240521
36.63331597,127.3241869,36.6335375,127.3240625
36.63331409,127.324192,36.63353542,127.3240729
36.6333122,127.3241971,36.63353333,127.3240833
36.63331032,127.3242022,36.63353125,127.3240938
36.63330843,127.3242073,36.63352917,127.3241042
36.63330654,127.3242125,36.63352708,127.3241146
36.63330466,127.3242176,36.633525,127.324125
36.63330277,127.3242227,36.63352292,127.3241354
36.63330089,127.3242278,36.63352083,127.3241458
36.633299,127.324233,36.63351875,127.3241562
36.63329712,127.3242381,36.63351667,127.3241667
36.63329523,127.3242432,36.63350833,127.3241667
36.63329334,127.3242483,36.6335,127.3241667
36.63329146,127.3242535,36.63349167,127.3241667
36.63328957,127.3242586,36.63348333,127.3241667
36.63328769,127.3242637,36.63348021,127.3241771
36.6332858,127.3242688,36.63347708,127.3241875
36.63328392,127.3242739,36.63347396,127.3241979
36.63328203,127.3242791,36.63347083,127.3242083
36.63328014,127.3242842,36.63346771,127.3242187
36.63327826,127.3242893,36.63346458,127.3242292
36.63327637,127.3242944,36.63346146,127.3242396
36.63327449,127.3242996,36.63345833,127.32425
36.6332726,127.3243047,36.63345521,127.3242604
36.63327072,127.3243098,36.63345208,127.3242708
36.63326883,127.3243149,36.63344896,127.3242813
36.63326694,127.3243201,36.63344583,127.3242917
36.63326506,127.3243252,36.63344271,127.3243021
36.63326317,127.3243303,36.63343958,127.3243125
36.63326129,127.3243354,36.63343646,127.3243229
36.6332594,127.3243406,36.63343333,127.3243333
36.63325752,127.3243457,36.63342708,127.3243333
36.63325563,127.3243508,36.63342083,127.3243333
36.63325381,127.324356,36.63341458,127.3243333
36.63325198,127.3243612,36.63340833,127.3243333
36.63325016,127.3243664,36.63340208,127.3243333
36.63324834,127.3243717,36.63339583,127.3243333
36.63324651,127.3243769,36.63338958,127.3243333
36.63324469,127.3243821,36.63338333,127.3243333
36.63324287,127.3243873,36.63338229,127.3243438
36.63324104,127.3243925,36.63338125,127.3243542
36.63323922,127.3243977,36.63338021,127.3243646
36.6332374,127.324403,36.63337917,127.324375
36.63323557,127.3244082,36.63337813,127.3243854
36.63323375,127.3244134,36.63337708,127.3243958
36.63323193,127.3244186,36.63337604,127.3244063
36.6332301,127.3244238,36.633375,127.3244167
36.63322828,127.324429,36.63337396,127.3244271
36.63322646,127.3244343,36.63337292,127.3244375
36.63322463,127.3244395,36.63337187,127.3244479
36.63322281,127.3244447,36.63337083,127.3244583
36.63322098,127.3244499,36.63336979,127.3244688
36.63321916,127.3244551,36.63336875,127.3244792
36.63321734,127.3244603,36.63336771,127.3244896
36.63321551,127.3244655,36.63336667,127.3245
36.63321369,127.3244708,36.63336458,127.3245104
36.63321187,127.324476,36.6333625,127.3245208
36.63321004,127.3244812,36.63336042,127.3245313
36.63320822,127.3244864,36.63335833,127.3245417
36.6332064,127.3244916,36.63335625,127.3245521
36.63320457,127.3244968,36.63335417,127.3245625
36.63320275,127.3245021,36.63335208,127.3245729
36.63320093,127.3245073,36.63335,127.3245833
36.6331991,127.3245125,36.63334792,127.3245938
36.63319728,127.3245177,36.63334583,127.3246042
36.63319546,127.3245229,36.63334375,127.3246146
36.63319363,127.3245281,36.63334167,127.324625
36.63319181,127.3245333,36.63333958,127.3246354
36.63318999,127.3245386,36.6333375,127.3246458
36.63318816,127.3245438,36.63333542,127.3246562
36.63318634,127.324549,36.63333333,127.3246667
36.63318452,127.3245542,36.633325,127.3246667
36.63318269,127.3245594,36.63331667,127.3246667
36.63318087,127.3245646,36.63330833,127.3246667
36.63317905,127.3245699,36.6333,127.3246667
36.63317722,127.3245751,36.63329688,127.3246771
36.6331754,127.3245803,36.63329375,127.3246875
36.63317358,127.3245855,36.63329063,127.3246979
36.63317175,127.3245907,36.6332875,127.3247083
36.63316993,127.3245959,36.63328438,127.3247187
36.63316811,127.3246012,36.63328125,127.3247292
36.63316628,127.3246064,36.63327813,127.3247396
36.63316446,127.3246116,36.633275,127.32475
36.63316263,127.3246168,36.63327188,127.3247604
36.63316081,127.324622,36.63326875,127.3247708
36.63315899,127.3246272,36.63326563,127.3247813
36.63315716,127.3246324,36.6332625,127.3247917
36.63315534,127.3246377,36.63325938,127.3248021
36.63315352,127.3246429,36.63325625,127.3248125
36.63315169,127.3246481,36.63325313,127.3248229
36.63314987,127.3246533,36.63325,127.3248333
36.63314805,127.3246585,36.63324792,127.3248438
36.63314622,127.3246637,36.63324583,127.3248542
36.6331444,127.324669,36.63324375,127.3248646
36.63314258,127.3246742,36.63324167,127.324875
36.63314075,127.3246794,36.63323958,127.3248854
36.63313893,127.3246846,36.6332375,127.3248958
36.63313707,127.3246899,36.63323542,127.3249063
36.6331352,127.3246952,36.63323333,127.3249167
36.63313334,127.3247005,36.63323125,127.3249271
36.63313148,127.3247057,36.63322917,127.3249375
36.63312961,127.324711,36.63322708,127.3249479
36.63312775,127.3247163,36.633225,127.3249583
36.63312589,127.3247216,36.63322292,127.3249688
36.63312403,127.3247269,36.63322083,127.3249792
36.63312216,127.3247322,36.63321875,127.3249896
36.6331203,127.3247375,36.63321667,127.325
36.63311844,127.3247427,36.63320833,127.325
36.63311657,127.324748,36.6332,127.325
36.63311471,127.3247533,36.63319167,127.325
36.63311285,127.3247586,36.63318333,127.325
36.63311098,127.3247639,36.63318125,127.3250104
36.63310912,127.3247692,36.63317917,127.3250208
36.63310726,127.3247745,36.63317708,127.3250313
36.63310539,127.3247797,36.633175,127.3250417
36.63310353,127.324785,36.63317292,127.3250521
36.63310167,127.3247903,36.63317083,127.3250625
36.6330998,127.3247956,36.63316875,127.3250729
36.63309794,127.3248009,36.63316667,127.3250833
36.63309608,127.3248062,36.63316458,127.3250938
36.63309422,127.3248115,36.6331625,127.3251042
36.63309235,127.3248167,36.63316042,127.3251146
36.63309049,127.324822,36.63315833,127.325125
36.63308863,127.3248273,36.63315625,127.3251354
36.63308676,127.3248326,36.63315417,127.3251458
36.6330849,127.3248379,36.63315208,127.3251562
36.63308304,127.3248432,36.63315,127.3251667
36.63308117,127.3248485,36.63314375,127.3251667
36.63307931,127.3248538,36.6331375,127.3251667
36.63307745,127.324859,36.63313125,127.3251667
36.63307558,127.3248643,36.633125,127.3251667
36.63307372,127.3248696,36.63311875,127.3251667
36.63307186,127.3248749,36.6331125,127.3251667
36.63306999,127.3248802,36.63310625,127.3251667
36.63306813,127.3248855,36.6331,127.3251667
36.63306627,127.3248908,36.63309792,127.3251771
36.63306441,127.324896,36.63309583,127.3251875
36.63306254,127.3249013,36.63309375,127.3251979
36.63306068,127.3249066,36.63309167,127.3252083
36.63305882,127.3249119,36.63308958,127.3252187
36.63305695,127.3249172,36.6330875,127.3252292
36.63305509,127.3249225,36.63308542,127.3252396
36.63305323,127.3249278,36.63308333,127.32525
36.63305136,127.324933,36.63308125,127.3252604
36.6330495,127.3249383,36.63307917,127.3252708
36.63304764,127.3249436,36.63307708,127.3252813
36.63304577,127.3249489,36.633075,127.3252917
36.63304391,127.3249542,36.63307292,127.3253021
36.63304205,127.3249595,36.63307083,127.3253125
36.63304018,127.3249648,36.63306875,127.3253229
36.63303832,127.32497,36.63306667,127.3253333
36.63303646,127.3249753,36.63306458,127.3253438
36.6330346,127.3249806,36.6330625,127.3253542
36.63303273,127.3249859,36.63306042,127.3253646
36.63303087,127.3249912,36.63305833,127.325375
36.63302901,127.3249965,36.63305625,127.3253854
36.63302714,127.3250018,36.63305417,127.3253958
36.63302528,127.325007,36.63305208,127.3254063
36.63302342,127.3250123,36.63305,127.3254167
36.63302155,127.3250176,36.63304792,127.3254271
36.63301969,127.3250229,36.63304583,127.3254375
36.63301789,127.325028,36.63304375,127.3254479
36.6330161,127.3250332,36.63304167,127.3254583
36.6330143,127.3250383,36.63303958,127.3254688
36.6330125,127.3250435,36.6330375,127.3254792
36.6330107,127.3250486,36.63303542,127.3254896
36.63300891,127.3250538,36.63303333,127.3255
36.63300711,127.3250589,36.633025,127.3255
36.63300531,127.3250641,36.63301667,127.3255
36.63300352,127.3250692,36.63300833,127.3255
36.63300172,127.3250744,36.633,127.3255
36.63299992,127.3250795,36.63299688,127.3255104
36.63299813,127.3250847,36.63299375,127.3255208
36.63299633,127.3250898,36.63299063,127.3255313
36.63299453,127.325095,36.6329875,127.3255417
36.63299273,127.3251001,36.63298438,127.3255521
36.63299094,127.3251053,36.63298125,127.3255625
36.63298914,127.3251104,36.63297813,127.3255729
36.63298734,127.3251156,36.632975,127.3255833
36.63298555,127.3251207,36.63297188,127.3255938
36.63298375,127.3251259,36.63296875,127.3256042
36.63298195,127.325131,36.63296563,127.3256146
36.63298016,127.3251362,36.6329625,127.325625
36.63297836,127.3251413,36.63295938,127.3256354
36.63297656,127.3251465,36.63295625,127.3256458
36.63297476,127.3251516,36.63295313,127.3256562
36.63297297,127.3251568,36.63295,127.3256667
36.63297117,127.3251619,36.63294792,127.3256771
36.63296937,127.3251671,36.63294583,127.3256875
36.63296758,127.3251722,36.63294375,127.3256979
36.63296578,127.3251774,36.63294167,127.3257083
36.63296398,127.3251825,36.63293958,127.3257187
36.63296219,127.3251877,36.6329375,127.3257292
36.63296039,127.3251928,36.63293542,127.3257396
36.63295859,127.3251979,36.63293333,127.32575
36.63295679,127.3252031,36.63293125,127.3257604
36.632955,127.3252082,36.63292917,127.3257708
36.6329532,127.3252134,36.63292708,127.3257813
36.6329514,127.3252185,36.632925,127.3257917
36.63294961,127.3252237,36.63292292,127.3258021
36.63294781,127.3252288,36.63292083,127.3258125
36.63294601,127.325234,36.63291875,127.3258229
36.63294421,127.3252391,36.63291667,127.3258333
36.63294242,127.3252443,36.63291042,127.3258333
36.63294062,127.3252494,36.63290417,127.3258333
36.63293882,127.3252546,36.63289792,127.3258333
36.63293703,127.3252597,36.63289167,127.3258333
36.63293523,127.3252649,36.63288542,127.3258333
36.63293343,127.32527,36.63287917,127.3258333
36.63293164,127.3252752,36.63287292,127.3258333
36.63292984,127.3252803,36.63286667,127.3258333
36.63292804,127.3252855,36.63286458,127.3258438
36.63292624,127.3252906,36.6328625,127.3258542
36.63292445,127.3252958,36.63286042,127.3258646
36.63292265,127.3253009,36.63285833,127.325875
36.63292085,127.3253061,36.63285625,127.3258854
36.63291906,127.3253112,36.63285417,127.3258958
36.63291726,127.3253164,36.63285208,127.3259063
36.63291546,127.3253215,36.63285,127.3259167
36.63291367,127.3253267,36.63284792,127.3259271
36.63291187,127.3253318,36.63284583,127.3259375
36.63291007,127.325337,36.63284375,127.3259479
36.63290827,127.3253421,36.63284167,127.3259583
36.63290648,127.3253473,36.63283958,127.3259688
36.63290468,127.3253524,36.6328375,127.3259792
36.6329029,127.3253579,36.63283542,127.3259896
36.63290123,127.3253631,36.63283333,127.326
36.63289956,127.3253683,36.632825,127.326
36.63289789,127.3253736,36.63281667,127.326
36.63289622,127.3253788,36.63280833,127.326
36.63289455,127.325384,36.6328,127.326
36.63289289,127.3253892,36.63279792,127.3260104
36.63289122,127.3253944,36.63279583,127.3260208
36.63288955,127.3253997,36.63279375,127.3260313
36.63288788,127.3254049,36.63279167,127.3260417
36.63288621,127.3254101,36.63278958,127.3260521
36.63288454,127.3254153,36.6327875,127.3260625
36.63288287,127.3254205,36.63278542,127.3260729
36.6328812,127.3254257,36.63278333,127.3260833
36.63287953,127.325431,36.63278125,127.3260938
36.63287786,127.3254362,36.63277917,127.3261042
36.6328762,127.3254414,36.63277708,127.3261146
36.63287453,127.3254466,36.632775,127.326125
36.63287286,127.3254518,36.63277292,127.3261354
36.63287119,127.3254571,36.63277083,127.3261458
36.63286952,127.3254623,36.63276875,127.3261562
36.63286785,127.3254675,36.63276667,127.3261667
36.63286618,127.3254727,36.63276354,127.3261771
36.63286451,127.3254779,36.63276042,127.3261875
36.63286284,127.3254832,36.63275729,127.3261979
36.63286117,127.3254884,36.63275417,127.3262083
36.6328595,127.3254936,36.63275104,127.3262187
36.63285784,127.3254988,36.63274792,127.3262292
36.63285617,127.325504,36.63274479,127.3262396
36.6328545,127.3255092,36.63274167,127.32625
36.63285283,127.3255145,36.63273854,127.3262604
36.63285116,127.3255197,36.63273542,127.3262708
36.63284949,127.3255249,36.63273229,127.3262813
36.63284771,127.3255304,36.63272917,127.3262917
