,clat,clng,dist
0,36.6363381,127.3156905,16.56770678
1,36.63633182,127.315706,16.46004446
2,36.63632556,127.3157214,16.36392791
3,36.63632153,127.3157323,16.40668068
4,36.63631601,127.3157462,16.37048634
5,36.63630849,127.3157643,16.25689937
6,36.63630439,127.3157752,16.30743782
7,36.63629963,127.3157876,16.33481169
8,36.63629415,127.3158014,16.34067609
9,36.63628779,127.315817,16.33704182
10,36.63628049,127.3158347,16.33649175
11,36.63627679,127.3158448,16.4073051
12,36.63627282,127.3158554,16.47140231
13,36.63626856,127.3158668,16.53485967
14,36.63626399,127.3158787,16.59401096
15,36.63625908,127.3158914,16.65677584
16,36.63625774,127.3158995,16.59401135
17,36.63625715,127.3159063,15.54368696
18,36.63625656,127.315913,14.49759721
19,36.63625596,127.3159197,13.45056113
20,36.63625477,127.3159286,12.35826777
21,36.63625269,127.3159391,12.35432694
22,36.63625061,127.3159495,12.35323777
23,36.63624853,127.3159599,12.35717913
24,36.63624644,127.3159703,12.35826813
25,36.63624436,127.3159807,12.35717931
26,36.63624227,127.3159911,12.35826831
27,36.63624019,127.3160015,12.3582684
28,36.6362381,127.3160119,12.35826848
29,36.63623162,127.3160159,13.0794588
30,36.63622515,127.3160199,13.79538023
31,36.63621868,127.3160239,14.51767003
32,36.6362122,127.3160279,15.24495177
33,36.63620446,127.3160395,15.70796344
34,36.6361994,127.3160477,16.09337102
35,36.63619256,127.3160581,16.54048856
36,36.63619048,127.3160685,16.54453907
37,36.6361884,127.3160789,16.54346138
38,36.63618632,127.3160893,16.54346151
39,36.63618298,127.3161044,16.44480785
40,36.63617963,127.3161195,16.35757482
41,36.63617751,127.3161302,16.35462042
42,36.63617457,127.3161437,16.30386365
43,36.63617056,127.3161614,16.2025769
44,36.63616839,127.3161722,16.19861509
45,36.63616587,127.3161842,16.18066007
46,36.63616295,127.3161978,16.14864208
47,36.63615957,127.3162131,16.11466914
48,36.6361579,127.3162219,16.12496796
49,36.63615611,127.3162312,16.1332132
50,36.63615417,127.3162411,16.13607917
51,36.63615299,127.3162482,16.16580804
52,36.6361518,127.3162552,16.20043395
53,36.6361515,127.3162608,15.18023977
54,36.63615121,127.3162664,14.15713551
55,36.6361509,127.316272,13.13768237
56,36.63615061,127.3162776,12.11872127
57,36.63614942,127.3162847,12.1580187
58,36.63614823,127.3162917,12.20103825
59,36.63614614,127.3163021,12.20216869
60,36.63614264,127.3163125,12.34254665
61,36.63613915,127.3163229,12.48219819
62,36.63613847,127.3163333,12.34254679
63,36.6361378,127.3163437,12.20679551
64,36.6361319,127.3163465,12.90101374
65,36.636126,127.3163492,13.61202714
66,36.63612011,127.316352,14.32932304
67,36.63611421,127.3163546,15.05835304
68,36.63610831,127.3163574,15.79175303
69,36.63610242,127.3163602,16.53602291
70,36.63609652,127.3163629,17.28506324
71,36.63609062,127.3163657,18.03550674
72,36.63608422,127.3163773,18.35322512
73,36.63608096,127.3163839,17.54505357
74,36.63607619,127.3163929,16.76049665
75,36.6360759,127.3163984,15.74347468
76,36.6360756,127.3164041,14.72171269
77,36.6360744,127.3164111,14.81851929
78,36.63607322,127.3164182,14.92029972
79,36.63607203,127.3164253,15.03179041
80,36.63607084,127.3164324,15.14042024
81,36.63606964,127.3164395,15.26045065
82,36.63606845,127.3164465,15.38406956
83,36.63606637,127.3164569,15.38406975
84,36.63606429,127.3164673,15.38406994
85,36.6360622,127.3164777,15.38921552
86,36.63606012,127.3164881,15.38921571
87,36.63605803,127.3164985,15.39015597
88,36.63605595,127.3165089,15.38921609
89,36.63605386,127.3165193,15.39015635
90,36.63604996,127.3165223,15.99131344
91,36.63604607,127.3165251,16.60431495
92,36.63604216,127.3165281,17.22590972
93,36.63603826,127.316531,17.85268306
94,36.63603437,127.3165339,18.47839325
95,36.63603047,127.3165368,19.11548409
96,36.63602656,127.3165397,19.7520228
97,36.63602267,127.3165426,20.39670297
98,36.63601793,127.3165554,20.42865
99,36.63601635,127.3165612,20.70309603
100,36.63601475,127.3165671,20.98192597
101,36.63601316,127.316573,21.25895215
102,36.63601157,127.3165789,21.54597535
103,36.63600997,127.3165848,21.84302726
104,36.63600838,127.3165906,22.137733
105,36.63600679,127.3165966,22.42977043
106,36.63600521,127.3166024,22.7307343
107,36.63600361,127.3166083,23.03644735
108,36.63600202,127.3166141,23.34462338
109,36.63600132,127.3166185,22.55911348
110,36.63600062,127.316623,21.78014296
111,36.63599992,127.3166273,21.02008666
112,36.63599923,127.3166317,20.27400337
113,36.63599763,127.3166376,20.61719096
114,36.63599604,127.3166435,20.94874483
115,36.63599445,127.3166494,21.28905592
116,36.63599285,127.3166552,21.63282667
117,36.63599126,127.3166611,21.97830093
118,36.63598968,127.3166669,22.32540896
119,36.63598808,127.3166729,22.67559306
120,36.63598649,127.3166788,23.02721885
121,36.6359849,127.3166846,23.38023018
122,36.63598331,127.3166905,23.73551698
123,36.63598171,127.3166963,24.09296993
124,36.63598012,127.3167023,24.44398168
125,36.63597854,127.3167081,24.81131004
126,36.63597694,127.316714,25.17341632
127,36.63597535,127.3167199,25.53608446
128,36.63597376,127.3167258,25.89332821
129,36.63597216,127.3167317,26.25950073
130,36.63597057,127.3167375,26.62611653
131,36.63596898,127.3167434,27.00162368
132,36.63596738,127.3167492,27.37141144
133,36.6359658,127.3167552,27.73423789
134,36.63596421,127.316761,28.10580757
135,36.63596261,127.3167669,28.47876493
136,36.63596102,127.3167728,28.85198645
137,36.63595943,127.3167787,29.22651806
138,36.63595784,127.3167846,29.60196247
139,36.63595625,127.3167904,29.97828541
140,36.63595466,127.3167963,30.35545419
141,36.63595307,127.3168021,30.73343768
142,36.63595147,127.3168081,31.10479687
143,36.63594988,127.3168139,31.48431291
144,36.63594829,127.3168198,31.87198622
145,36.63594759,127.3168242,31.29923437
146,36.63594689,127.3168286,30.73669968
147,36.6359462,127.316833,30.20033582
148,36.63594549,127.3168374,29.68368882
149,36.63594405,127.3168432,30.05944302
150,36.63594261,127.3168491,30.4369433
151,36.63594116,127.316855,30.80900539
152,36.63593972,127.3168609,31.19012327
153,36.63593828,127.3168668,31.57309688
154,36.63593684,127.3168726,31.96520424
155,36.63593539,127.3168785,32.35153483
156,36.63593395,127.3168844,32.73154448
157,36.63593251,127.3168903,33.12076067
158,36.63593106,127.3168961,33.5114008
159,36.63592962,127.316902,33.91104835
160,36.63592818,127.316908,34.29668535
161,36.63592673,127.3169138,34.69138293
162,36.63592529,127.3169197,35.08718938
163,36.63592217,127.3169301,35.0871908
164,36.63592067,127.3169358,35.49979557
165,36.6359199,127.31694,35.10168206
166,36.63591852,127.3169441,34.73060978
167,36.63591676,127.3169498,35.15912728
168,36.63591499,127.3169555,35.58002097
169,36.63591324,127.3169611,36.00095172
170,36.63591148,127.3169668,36.42191194
171,36.63590971,127.3169725,36.84289064
172,36.63590795,127.3169781,37.27154282
173,36.63590619,127.3169838,37.70023142
174,36.63590442,127.3169895,38.12128581
175,36.63590266,127.3169952,38.54236357
176,36.6359009,127.3170009,38.96347771
177,36.63589913,127.3170066,39.38460069
178,36.63589737,127.3170122,39.81339198
179,36.63589561,127.3170179,40.24223535
180,36.63589385,127.3170235,40.66342105
181,36.63589209,127.3170292,41.08462599
182,36.63589032,127.3170349,41.50586744
183,36.63588841,127.3170406,41.92914925
184,36.6358865,127.3170462,42.36047432
185,36.63588459,127.3170519,42.79214025
186,36.63588268,127.3170576,43.21654146
187,36.63588076,127.3170633,43.64125801
188,36.63587885,127.317069,44.06634066
189,36.63587694,127.3170746,44.49171382
190,36.63587504,127.3170802,44.92512042
191,36.63587312,127.3170859,45.35875572
192,36.63587121,127.3170916,45.78508935
193,36.6358693,127.3170973,46.21166849
194,36.63586739,127.317103,46.6385761
195,36.63586548,127.3171086,47.07334595
196,36.63586356,127.3171143,47.50079579
197,36.63586165,127.31712,47.92845174
198,36.63585974,127.3171257,48.36405011
199,36.63585708,127.3171299,48.03272998
200,36.63585443,127.3171341,47.71039754
201,36.63585178,127.3171382,47.4050387
202,36.63584912,127.3171424,47.10124635
203,36.63584721,127.3171481,47.53471553
204,36.6358453,127.3171538,47.96844683
205,36.63584339,127.3171594,48.4022101
206,36.63584147,127.3171651,48.83623087
207,36.63583956,127.3171707,49.2778613
208,36.63583765,127.3171764,49.7197419
209,36.63583574,127.3171821,50.15404481
210,36.63583383,127.3171878,50.5885972
211,36.63583192,127.3171935,51.02327554
212,36.63583001,127.3171992,51.45807666
213,36.6358281,127.3172048,51.90802847
214,36.63582619,127.3172105,52.34306151
215,36.63582427,127.3172162,52.77807808
216,36.63582236,127.3172218,53.21333468
217,36.63582045,127.3172275,53.64856666
218,36.63581854,127.3172332,54.08403609
219,36.63581588,127.3172373,53.81375212
220,36.63581322,127.3172415,53.54467107
221,36.63581057,127.3172457,53.28419118
222,36.63580792,127.3172499,53.03276984
223,36.63580526,127.3172541,52.79037611
224,36.63580261,127.3172583,52.55692797
225,36.63579995,127.3172624,52.34017291
226,36.6357973,127.3172666,52.12555176
227,36.63579553,127.3172723,52.5496174
228,36.63579356,127.3172821,52.60433235
229,36.63579169,127.3172915,52.69937956
230,36.63578993,127.3173004,52.84148879
231,36.63578825,127.3173087,53.03042952
232,36.63578666,127.3173167,53.25159007
233,36.63578514,127.3173242,53.52654225
234,36.63578371,127.3173314,53.81864145
235,36.63578235,127.3173382,54.14992063
236,36.63578005,127.3173497,54.0548761
237,36.63577801,127.3173599,54.0708721
238,36.63577618,127.3173691,54.18168359
239,36.63577454,127.3173773,54.39404012
240,36.63577307,127.3173846,54.6775659
241,36.63577159,127.317392,54.95367057
242,36.63577011,127.3173995,55.22212368
243,36.63576847,127.3174069,55.52182284
244,36.63576684,127.3174143,55.82215104
245,36.63576468,127.3174244,55.88524427
246,36.6357625,127.3174345,55.93367596
247,36.63575788,127.3174371,56.56736959
248,36.63575325,127.3174397,57.20299752
249,36.63574863,127.3174423,57.84049599
250,36.635744,127.317445,58.47235408
251,36.63573938,127.3174476,59.12086232
252,36.63573475,127.3174502,59.76361517
253,36.63573013,127.3174528,60.40800827
254,36.6357255,127.3174554,61.05398969
255,36.63572063,127.3174659,61.00678651
256,36.63571724,127.3174735,61.24818739
257,36.63571287,127.3174829,61.30274576
258,36.63570719,127.3174951,61.09681453
259,36.635703,127.3175012,60.65679377
260,36.63569839,127.3175082,60.12984163
261,36.63569329,127.3175162,59.51343605
262,36.63568764,127.3175253,58.7903864
263,36.63568576,127.3175325,59.04469631
264,36.63568389,127.3175398,59.29983956
265,36.63568201,127.3175471,59.5474946
266,36.63568013,127.3175543,59.80300059
267,36.63567822,127.3175617,60.04334556
268,36.63567499,127.3175734,59.8866368
269,36.63567254,127.3175826,59.95806514
270,36.63567066,127.3175898,60.21552976
271,36.63566792,127.3176,60.19912982
272,36.63566512,127.3176085,60.32414319
273,36.63566231,127.3176169,60.46500064
274,36.6356595,127.3176254,60.59171489
275,36.6356567,127.3176339,60.72677518
276,36.63565389,127.3176424,60.85534021
277,36.63565109,127.3176508,60.99207039
278,36.63564828,127.3176593,61.12210667
279,36.63564474,127.3176663,60.56781152
280,36.63564119,127.3176733,60.00861418
281,36.63563764,127.3176802,59.45978397
282,36.63563409,127.3176873,58.90640082
283,36.63563054,127.3176943,58.3560544
284,36.63562699,127.3177012,57.81629184
285,36.63562344,127.3177083,57.272269
286,36.63561989,127.3177152,56.73898494
287,36.63561693,127.3177237,56.88729032
288,36.63561398,127.3177322,57.03613786
289,36.63561102,127.3177407,57.17763718
290,36.63560807,127.3177491,57.32689665
291,36.63560511,127.3177576,57.46922974
292,36.63560216,127.3177661,57.61911105
293,36.63559921,127.3177746,57.76930276
294,36.63559625,127.3177831,57.91254283
295,36.6355933,127.3177915,58.0635467
296,36.63559035,127.3178,58.20717355
297,36.63558739,127.3178085,58.35877166
298,36.63558444,127.317817,58.50298514
299,36.63558149,127.3178254,58.66245669
300,36.63557853,127.3178339,58.80744759
301,36.63557558,127.3178424,58.96001859
302,36.63557262,127.3178509,59.10538447
303,36.63556967,127.3178594,59.25121903
304,36.63556671,127.3178678,59.40464344
305,36.63556376,127.3178764,59.55835088
306,36.6355608,127.3178848,59.71252103
307,36.63555785,127.3178933,59.85927526
308,36.63555489,127.3179017,60.01381365
309,36.63555194,127.3179102,60.16128563
310,36.63554898,127.3179187,60.31636586
311,36.63554604,127.3179272,60.47188834
312,36.63554308,127.3179356,60.62767513
313,36.63554013,127.3179441,60.77602782
314,36.63553717,127.3179527,60.92463912
315,36.63553422,127.3179611,61.0812051
316,36.63553126,127.3179696,61.2303287
317,36.63552831,127.317978,61.38724433
318,36.63552535,127.3179866,61.54457471
319,36.63552151,127.3179935,61.01947557
320,36.63551766,127.3180005,60.49275423
321,36.63551381,127.3180075,59.97979524
322,36.63550996,127.3180145,59.46537829
323,36.63550701,127.3180229,59.61768347
324,36.63550405,127.3180314,59.76297678
325,36.6355011,127.31804,59.90835507
326,36.63549814,127.3180484,60.06150831
327,36.6354952,127.3180569,60.20781338
328,36.63549224,127.3180653,60.36902436
329,36.63548929,127.3180739,60.51550358
330,36.63548633,127.3180823,60.66994218
331,36.63548338,127.3180908,60.81695814
332,36.63548042,127.3180992,60.97175562
333,36.63547747,127.3181078,61.12699598
334,36.63547451,127.3181162,61.28232715
335,36.63547156,127.3181247,61.43039784
336,36.63546929,127.3181318,61.7128268
337,36.63546739,127.318138,62.09273916
338,36.63546549,127.3181441,62.47268843
339,36.63546343,127.3181502,62.87763876
340,36.63546138,127.3181563,63.2750995
341,36.63545933,127.3181624,63.67276867
342,36.63545728,127.3181685,64.07030658
343,36.63545523,127.3181747,64.46805295
344,36.63545319,127.3181808,64.86566522
345,36.63545113,127.3181869,65.27083488
346,36.63544908,127.318193,65.6685171
347,36.63544703,127.3181991,66.06640788
348,36.63544498,127.3182052,66.4641592
349,36.63544293,127.3182114,66.8621192
350,36.63544087,127.3182175,67.25976117
351,36.63543882,127.3182236,67.66530292
352,36.63543677,127.3182297,68.06318363
353,36.63543472,127.3182357,68.46878699
354,36.63543268,127.3182419,68.86672887
355,36.63542987,127.3182465,68.57976188
356,36.63542708,127.3182511,68.29963714
357,36.63542429,127.3182557,68.02643921
358,36.63542149,127.3182604,67.76046795
359,36.63541974,127.3182665,68.11517945
360,36.63541799,127.3182726,68.47028054
361,36.63541623,127.3182787,68.83301695
362,36.63541448,127.3182848,69.1888853
363,36.63541273,127.318291,69.5451254
364,36.63541097,127.3182971,69.90193457
365,36.63540922,127.3183032,70.25889912
366,36.63540746,127.3183093,70.61601991
367,36.63540571,127.3183154,70.98117471
368,36.63540396,127.3183215,71.3391939
369,36.63540233,127.3183273,71.73040349
370,36.6354007,127.3183331,72.12172348
371,36.63539907,127.3183388,72.52102894
372,36.63539744,127.3183445,72.91294554
373,36.63539581,127.3183503,73.30515269
374,36.63539418,127.3183561,73.70515103
375,36.63539181,127.3183604,73.41462809
376,36.63538944,127.3183647,73.12730379
377,36.63538706,127.3183689,72.85087515
378,36.63538468,127.3183732,72.5704236
379,36.63538231,127.3183774,72.29347405
380,36.63537994,127.3183817,72.02028878
381,36.63537757,127.318386,71.75047112
382,36.63537519,127.3183902,71.49168899
383,36.63537326,127.318396,71.92484596
384,36.63537134,127.3184018,72.35801332
385,36.63536941,127.3184075,72.79119091
386,36.63536748,127.3184133,73.22414215
387,36.63536555,127.318419,73.66474787
388,36.63536362,127.3184248,74.10512498
389,36.6353617,127.3184305,74.53857697
390,36.63535977,127.3184363,74.97156372
391,36.63535784,127.3184421,75.404797
392,36.63535591,127.3184479,75.83780107
393,36.63535398,127.3184536,76.28586146
394,36.63535206,127.3184593,76.71911985
395,36.63535013,127.3184651,77.15238688
396,36.63534821,127.3184709,77.58542293
397,36.63534628,127.3184766,78.01870648
398,36.63534436,127.3184823,78.45939988
399,36.63534257,127.3184881,78.87516854
400,36.63534079,127.3184939,79.28336005
401,36.63533895,127.3184998,79.67513885
402,36.63533711,127.3185058,80.06722165
403,36.63533527,127.3185117,80.45913336
404,36.63533343,127.3185177,80.85111049
405,36.63533159,127.3185235,81.25821381
406,36.63532975,127.3185295,81.65032144
407,36.63532791,127.3185354,82.04249167
408,36.63532607,127.3185414,82.43495534
409,36.63532423,127.3185473,82.82724731
410,36.63532239,127.3185532,83.21959927
411,36.63532055,127.3185592,83.61966313
412,36.63531871,127.3185651,84.01213328
413,36.63531687,127.318571,84.41208737
414,36.63531503,127.3185769,84.80490024
415,36.63531229,127.3185814,84.56981706
416,36.63530956,127.3185859,84.34054678
417,36.63530757,127.3185918,84.7574182
418,36.63530558,127.3185977,85.17405218
419,36.63530359,127.3186037,85.5983294
420,36.6353016,127.3186096,86.01497282
421,36.63529961,127.3186155,86.43925887
422,36.63529763,127.3186214,86.85591146
423,36.63529564,127.3186274,87.27281256
424,36.63529365,127.3186333,87.68947451
425,36.63529166,127.3186393,88.11377788
426,36.63528967,127.3186452,88.53044849
427,36.63528768,127.3186512,88.94736816
428,36.63528569,127.3186571,89.36404761
429,36.6352837,127.318663,89.78836733
430,36.63528171,127.3186689,90.20505497
431,36.63527972,127.3186749,90.62199222
432,36.63527773,127.3186808,91.04607791
433,36.63527601,127.3186853,90.79344709
434,36.63527429,127.3186897,90.54491284
435,36.63527257,127.3186942,90.29999762
436,36.63527085,127.3186986,90.05925436
437,36.63526913,127.3187031,89.82218113
438,36.6352674,127.3187076,89.58907283
439,36.63526569,127.318712,89.3602484
440,36.63526396,127.3187165,89.13516893
441,36.63526299,127.3187224,89.51619657
442,36.63526201,127.3187284,89.8967861
443,36.63526103,127.3187343,90.2775237
444,36.63526006,127.3187402,90.65869689
445,36.63525908,127.3187462,91.03972392
446,36.63525811,127.3187521,91.42847352
447,36.63525713,127.3187581,91.80978563
448,36.63525616,127.3187641,92.18450804
449,36.63525518,127.3187701,92.5660915
450,36.6352542,127.318776,92.94781062
451,36.63525322,127.318782,93.33725204
452,36.63525224,127.3187879,93.71923911
453,36.63525127,127.3187938,94.10163637
454,36.63525029,127.3187998,94.48416066
455,36.63524931,127.3188057,94.86653307
456,36.63524834,127.3188117,95.24930785
457,36.63524632,127.3188161,95.07531361
458,36.6352443,127.3188206,94.90843468
459,36.63524228,127.318825,94.74755515
460,36.63524026,127.3188295,94.59327627
461,36.63523914,127.3188355,95.01173764
462,36.63523801,127.3188414,95.42235215
463,36.63523689,127.3188473,95.83328033
464,36.63523576,127.3188533,96.24421585
465,36.63523321,127.3188592,96.60430038
466,36.63523065,127.3188652,96.96440513
467,36.6352281,127.318871,97.33994904
468,36.63522611,127.3188768,97.73526561
469,36.63522413,127.3188826,98.13072902
470,36.63522213,127.3188884,98.5263375
471,36.63522014,127.3188941,98.9220893
472,36.63521816,127.3188999,99.31798271
473,36.63521617,127.3189057,99.72158535
474,36.63521419,127.3189115,100.1177587
475,36.6352122,127.3189172,100.5140686
476,36.63521021,127.318923,100.9108043
477,36.63520849,127.3189291,101.4516285
478,36.63520675,127.3189352,101.9860246
479,36.63520503,127.3189414,102.5291371
480,36.6352033,127.3189475,103.066055
481,36.63520158,127.3189536,103.6040603
482,36.63519985,127.3189598,104.143136
483,36.63519812,127.3189659,104.6832656
484,36.6351964,127.3189721,105.2317748
485,36.63519467,127.3189782,105.7739705
486,36.63519294,127.3189844,106.3169109
487,36.63519121,127.3189905,106.8611061
488,36.63518949,127.3189967,107.4136444
489,36.63518776,127.3190028,107.9597821
490,36.63518604,127.319009,108.5068659
491,36.63518431,127.319015,109.062267
492,36.63518258,127.3190212,109.6112064
493,36.63518086,127.3190273,110.1684467
494,36.63517912,127.3190335,110.7189466
495,36.6351774,127.3190396,111.2705661
496,36.63517567,127.3190457,111.8230499
497,36.63517395,127.3190519,112.3766174
498,36.63517222,127.319058,112.9382123
499,36.63517049,127.3190642,113.4932158
500,36.63516877,127.3190703,114.049034
501,36.63516704,127.3190765,114.6056549
502,36.63516531,127.3190826,115.1628472
503,36.63516358,127.3190888,115.728488
504,36.63516186,127.3190948,116.2949062
505,36.63516013,127.319101,116.8546348
506,36.63515841,127.3191071,117.4151097
507,36.63515668,127.3191133,117.9763205
508,36.63515495,127.3191194,118.5457246
509,36.63515323,127.3191256,119.1083797
510,36.63515149,127.3191317,119.6715385
511,36.63514977,127.3191378,120.2355956
512,36.63514804,127.319144,120.8078216
513,36.63514632,127.3191501,121.3732433
514,36.63514459,127.3191563,121.939331
515,36.63514287,127.3191624,122.5060757
516,36.63514114,127.3191686,123.0734683
517,36.63513941,127.3191746,123.656317
518,36.63513768,127.3191808,124.2249874
519,36.63513595,127.3191869,124.7942792
520,36.63513423,127.3191931,125.3641839
521,36.6351325,127.3191992,125.9348708
522,36.63513078,127.3192054,126.513492
523,36.63512905,127.3192115,127.0851872
524,36.63512732,127.3192177,127.6574628
525,36.63512559,127.3192238,128.2301416
526,36.63512386,127.3192299,128.8035568
527,36.63512214,127.3192361,129.3850615
528,36.63512041,127.3192422,129.9595871
529,36.63511869,127.3192484,130.5346555
530,36.63511696,127.3192545,131.1102595
531,36.63511524,127.3192606,131.6939346
532,36.63511317,127.3192694,132.0380005
533,36.6351111,127.3192782,132.3750349
534,36.63510903,127.319287,132.7125765
535,36.63510695,127.3192957,133.0580229
536,36.63510488,127.3193045,133.4041257
537,36.63510282,127.3193133,133.7431719
538,36.63510075,127.319322,134.090269
539,36.63509868,127.3193308,134.4302972
540,36.63509661,127.3193396,134.7708098
541,36.63509454,127.3193484,135.1269341
542,36.63509247,127.3193572,135.4684085
543,36.6350904,127.319366,135.8103563
544,36.63508834,127.3193747,136.1603456
545,36.63508627,127.3193835,136.5033641
546,36.6350842,127.3193923,136.8542866
547,36.63508213,127.319401,137.2056721
548,36.63508006,127.3194098,137.5499377
549,36.63507799,127.3194186,137.8946556
550,36.63507592,127.3194274,138.2398225
551,36.63507385,127.3194361,138.6004823
552,36.63507178,127.3194449,138.9465422
553,36.63506971,127.3194537,139.293041
554,36.63506764,127.3194625,139.6475653
555,36.63506557,127.3194713,139.9949338
556,36.6350635,127.3194801,140.3503246
557,36.63506143,127.3194888,140.7061445
558,36.63505937,127.3194976,141.054794
559,36.6350573,127.3195064,141.403863
560,36.63505523,127.3195151,141.7685474
561,36.63505316,127.3195239,142.1184493
562,36.63505109,127.3195327,142.4687616
563,36.63504902,127.3195414,142.8270849
564,36.63504695,127.3195502,143.1782102
565,36.63504489,127.319559,143.5373432
566,36.63504282,127.3195678,143.8892696
567,36.63504074,127.3195766,144.2491041
568,36.63503867,127.3195854,144.6018212
569,36.6350366,127.3195942,144.9550213
570,36.63503453,127.3196029,145.3237388
571,36.63503246,127.3196117,145.6776173
572,36.6350304,127.3196205,146.0318769
573,36.63502833,127.3196292,146.3941312
574,36.63502626,127.319638,146.749146
575,36.63502379,127.3196465,147.1386844
576,36.63502131,127.3196548,147.5286785
577,36.63501884,127.3196633,147.9116684
578,36.63501636,127.3196718,148.2951849
579,36.63501388,127.3196802,148.6791476
580,36.63501141,127.3196886,149.0789563
581,36.63500893,127.3196971,149.4639596
582,36.63500646,127.3197055,149.849548
583,36.63500399,127.3197139,150.2432709
584,36.63500151,127.3197224,150.6374308
585,36.63499904,127.3197308,151.024531
586,36.63499657,127.3197393,151.4121261
587,36.63499409,127.3197476,151.8077814
588,36.63499162,127.3197561,152.1963577
589,36.63498914,127.3197646,152.5929917
590,36.63498666,127.319773,152.982534
591,36.63498419,127.3197814,153.3801875
592,36.63498171,127.3197899,153.7706252
593,36.63497924,127.3197983,154.1616402
594,36.63497677,127.3198067,154.5683411
595,36.63497429,127.3198152,154.9601815
596,36.63497182,127.3198236,155.352531
597,36.63496934,127.3198321,155.7452895
598,36.63496687,127.3198404,156.1461869
599,36.63496439,127.3198489,156.5475335
600,36.63496191,127.3198574,156.9416437
601,36.63495944,127.3198657,157.3438795
602,36.63495697,127.3198742,157.7389121
603,36.63495449,127.3198827,158.1343431
604,36.63495202,127.3198911,158.5378864
605,36.63494839,127.3198976,157.9770132
606,36.63494476,127.3199042,157.4104624
607,36.63494114,127.3199108,156.8457834
608,36.6349375,127.3199174,156.2906255
609,36.63493505,127.3199258,156.6826979
610,36.6349326,127.3199343,157.0752626
611,36.63493014,127.3199427,157.4682727
612,36.63492768,127.3199511,157.8770944
613,36.63492522,127.3199596,158.2710767
614,36.63492277,127.319968,158.665578
615,36.63492032,127.3199764,159.0681959
616,36.63491786,127.3199849,159.4636074
617,36.6349154,127.3199933,159.867199
618,36.63491295,127.3200018,160.2635762
619,36.63491049,127.3200102,160.6680281
620,36.63490803,127.3200186,161.0653241
621,36.63490557,127.3200271,161.4630467
622,36.63490312,127.3200355,161.868893
623,36.63490067,127.3200439,162.2751866
624,36.63489821,127.3200524,162.6742559
625,36.63489575,127.3200608,163.0737888
626,36.6348933,127.3200692,163.4814052
627,36.63489084,127.3200777,163.8894384
628,36.63488839,127.3200861,164.2902741
629,36.63488592,127.3200946,164.6915228
630,36.63488347,127.320103,165.1008589
631,36.63488102,127.3201114,165.5029686
632,36.63487856,127.3201199,165.9131345
633,36.6348761,127.3201283,166.3237266
634,36.63487365,127.3201367,166.7270827
635,36.63487119,127.3201452,167.1308426
636,36.63486874,127.3201536,167.5426631
637,36.63486628,127.320162,167.9548846
638,36.63486382,127.3201705,168.3598615
639,36.63486199,127.3201769,168.9487486
640,36.6348598,127.3201832,169.545561
641,36.63485762,127.3201896,170.1426792
642,36.63485543,127.3201959,170.7400999
643,36.63485324,127.3202023,171.3301721
644,36.63485105,127.3202086,171.9281886
645,36.63484887,127.320215,172.5188505
646,36.63484668,127.3202214,173.1250984
647,36.63484449,127.3202278,173.7163378
648,36.63484231,127.3202341,174.3155093
649,36.63484012,127.3202405,174.9073146
650,36.63483793,127.3202468,175.507046
651,36.63483574,127.3202532,176.107053
652,36.63483356,127.3202595,176.7073328
653,36.63483137,127.3202659,177.3002358
654,36.63482919,127.3202722,177.901028
655,36.63482701,127.3202786,178.4944619
656,36.63482482,127.320285,179.1034507
657,36.63482263,127.3202914,179.6974062
658,36.63482045,127.3202977,180.2992648
659,36.63481826,127.3203041,180.8937318
660,36.63481607,127.3203104,181.5037419
661,36.63481388,127.3203168,182.0987103
662,36.6348117,127.3203231,182.7015707
663,36.63480951,127.3203295,183.2970308
664,36.63480732,127.3203358,183.9003776
665,36.63480514,127.3203422,184.5039225
666,36.63480295,127.3203486,185.1077446
667,36.63480076,127.320355,185.7041579
668,36.63479858,127.3203613,186.3084477
669,36.63479639,127.3203677,186.9053248
670,36.6347942,127.320374,187.5177159
671,36.63479201,127.3203804,188.1150476
672,36.63478983,127.3203867,188.7202457
673,36.63478764,127.3203931,189.3180237
674,36.63478545,127.3203994,189.9236632
675,36.63478327,127.3204058,190.52952
676,36.63478108,127.3204122,191.1355921
677,36.63477889,127.3204186,191.7342373
678,36.6347767,127.3204249,192.3407343
679,36.63477452,127.3204313,192.9398011
680,36.63477233,127.3204376,193.5543541
681,36.63477014,127.320444,194.1538343
682,36.63476796,127.3204503,194.761157
683,36.63476577,127.3204567,195.3610434
684,36.63476358,127.320463,195.9764052
685,36.63476139,127.3204694,196.5766898
686,36.63475922,127.3204758,197.1847382
687,36.63475703,127.3204822,197.785413
688,36.63475484,127.3204885,198.3939168
689,36.63475266,127.3204949,199.0026113
690,36.63475047,127.3205012,199.6114947
691,36.63474828,127.3205076,200.2129308
692,36.6347461,127.3205139,200.8221873
693,36.63474391,127.3205203,201.4239939
694,36.63474172,127.3205266,202.04125
695,36.63473953,127.320533,202.6434201
696,36.63473735,127.3205394,203.2534023
697,36.63473516,127.3205458,203.85593
698,36.63473297,127.3205521,204.4662656
699,36.63473079,127.3205585,205.0767753
700,36.6347286,127.3205648,205.6874576
701,36.63472641,127.3205712,206.290681
702,36.63472422,127.3205775,206.9017043
703,36.63472204,127.3205839,207.5052666
704,36.63471985,127.3205902,208.1242534
705,36.63471766,127.3205966,208.7281484
706,36.63471548,127.320603,209.3398354
707,36.63471329,127.3206094,209.9440577
708,36.6347111,127.3206157,210.5636947
709,36.63470891,127.3206221,211.1682381
710,36.63470673,127.3206284,211.7805661
711,36.63470454,127.3206348,212.3854257
712,36.63470235,127.3206411,212.9980661
713,36.63470017,127.3206475,213.6107593
714,36.63469798,127.3206538,214.2237053
715,36.63469579,127.3206602,214.8291796
716,36.63469361,127.3206666,215.4424274
717,36.63469142,127.320673,216.0482021
718,36.63468924,127.3206793,216.6692617
719,36.63468706,127.3206857,217.2753302
720,36.63468487,127.320692,217.8891651
721,36.63468268,127.3206984,218.495524
722,36.63468049,127.3207047,219.1096458
723,36.63467831,127.3207111,219.723909
724,36.63467612,127.3207174,220.3383125
725,36.63467393,127.3207238,220.9452374
726,36.63467175,127.3207302,221.5599183
727,36.63466956,127.3207366,222.1671195
728,36.63466737,127.3207429,222.7896893
729,36.63466518,127.3207493,223.3971617
730,36.634663,127.3207556,224.0123835
731,36.63466081,127.320762,224.6201232
732,36.63465862,127.3207683,225.2432228
733,36.63465644,127.3207747,225.851225
734,36.63465425,127.320781,226.4669701
735,36.63465206,127.3207874,227.075231
736,36.63464987,127.3207938,227.6912316
737,36.6346477,127.3207967,226.4722876
738,36.63464552,127.3207996,225.2539894
739,36.63464334,127.3208026,224.0284833
740,36.63464116,127.3208054,222.8188604
741,36.63463899,127.3208084,221.5944375
742,36.63463681,127.3208113,220.3783103
743,36.63463463,127.3208142,219.1626112
744,36.63463245,127.3208171,217.9476236
745,36.63463027,127.3208201,216.7254789
746,36.6346281,127.320823,215.5192698
747,36.63462592,127.3208259,214.2983221
748,36.63462374,127.3208288,213.0857329
749,36.63462156,127.3208318,211.8736192
750,36.6346194,127.3208346,210.662138
751,36.63461722,127.3208376,209.4437093
752,36.63461504,127.3208405,208.2412748
753,36.63461286,127.3208434,207.0241728
754,36.63461069,127.3208463,205.8153383
755,36.63460851,127.3208493,204.5997739
756,36.63460633,127.3208521,203.3999182
757,36.63460415,127.3208551,202.185782
758,36.63460197,127.320858,200.9797895
759,36.6345998,127.3208609,199.7747118
760,36.63459762,127.3208638,198.5702175
761,36.63459544,127.3208668,197.3590982
762,36.63459326,127.3208697,196.1637296
763,36.63459108,127.3208726,194.9542021
764,36.63458891,127.3208755,193.7528753
765,36.63458673,127.3208785,192.5525648
766,36.63458455,127.3208813,191.3529108
767,36.6345826,127.3208841,190.1579821
768,36.63458064,127.3208869,188.9713798
769,36.63457869,127.3208896,187.7853584
770,36.63457673,127.3208924,186.5929797
771,36.63457478,127.3208952,185.4085611
772,36.63457282,127.320898,184.2178318
773,36.63457087,127.3209007,183.0350786
774,36.63456892,127.3209035,181.8533912
775,36.63456696,127.3209063,180.6650417
776,36.63456501,127.3209091,179.4775906
777,36.63456305,127.3209119,178.2985876
778,36.6345611,127.3209146,177.1205133
779,36.63455914,127.3209173,175.9358611
780,36.63455719,127.3209201,174.7597039
781,36.63455523,127.3209229,173.5770142
782,36.63455328,127.3209257,172.3953378
783,36.63455133,127.3209284,171.2294803
784,36.63454937,127.3209312,170.0501256
785,36.63454742,127.320934,168.8713645
786,36.63454546,127.3209368,167.6939458
787,36.63454351,127.3209395,166.5326445
788,36.63454155,127.3209423,165.3574892
789,36.6345396,127.3209451,164.1835061
790,36.63453766,127.3209479,163.0179432
791,36.63453569,127.3209507,161.8466383
792,36.63453375,127.3209534,160.683529
793,36.63453178,127.3209562,159.5222251
794,36.63452984,127.3209589,158.3542073
795,36.63452787,127.3209617,157.1880755
796,36.63452593,127.3209644,156.0376626
797,36.63452396,127.3209672,154.8742881
798,36.63452202,127.32097,153.7117672
799,36.63452007,127.3209728,152.5584329
800,36.63451811,127.3209756,151.3991457
801,36.63451616,127.3209783,150.248513
802,36.6345142,127.3209811,149.1000355
803,36.63451225,127.3209839,147.9451162
804,36.63451029,127.3209867,146.7924543
805,36.63450834,127.3209894,145.6556483
806,36.63450639,127.3209922,144.5060508
807,36.63450443,127.320995,143.3582101
808,36.63450248,127.3209978,142.2195526
809,36.63450052,127.3210005,141.0753474
810,36.63449857,127.3210032,139.9403994
811,36.63449661,127.321006,138.807371
812,36.63449466,127.3210088,137.6689561
813,36.6344927,127.3210116,136.5325734
814,36.63449075,127.3210144,135.4056106
815,36.6344888,127.3210171,134.2804027
816,36.63448684,127.3210199,133.1507759
817,36.63448489,127.3210227,132.0226577
818,36.63448293,127.3210255,130.9045128
819,36.63448098,127.3210282,129.7887126
820,36.63447902,127.321031,128.6680376
821,36.63447707,127.3210338,127.5571219
822,36.63447512,127.3210366,126.4410809
823,36.63447316,127.3210393,125.3284637
824,36.63447121,127.3210421,124.232202
825,36.63446925,127.3210448,123.125033
826,36.6344673,127.3210476,122.0198712
827,36.63446534,127.3210504,120.9256743
828,36.63446339,127.3210531,119.8335936
829,36.63446143,127.3210559,118.7382647
830,36.63445948,127.3210587,117.652382
831,36.63445663,127.3210618,116.5774438
832,36.63445378,127.3210648,115.5065865
833,36.63445091,127.3210679,114.4479611
834,36.63444806,127.3210709,113.3870113
835,36.63444521,127.3210739,112.3305138
836,36.63444236,127.321077,111.2866207
837,36.63443949,127.32108,110.2408799
838,36.63443664,127.3210831,109.2005113
839,36.63443379,127.3210861,108.1721379
840,36.63443094,127.3210892,107.1429522
841,36.63442808,127.3210922,106.1190839
842,36.63442522,127.3210953,105.1092215
843,36.63442237,127.3210983,104.0975321
844,36.63441952,127.3211014,103.0927666
845,36.63441666,127.3211044,102.1008347
846,36.63441381,127.3211075,101.1093641
847,36.63441095,127.3211104,100.1316341
848,36.6344081,127.3211135,99.16101387
849,36.63440524,127.3211165,98.19039097
850,36.63440239,127.3211196,97.22735204
851,36.63439953,127.3211226,96.2733811
852,36.63439668,127.3211257,95.33283368
853,36.63439382,127.3211287,94.39457419
854,36.63439097,127.3211318,93.46421392
855,36.63438812,127.3211348,92.54981831
856,36.63438526,127.3211379,91.63796419
857,36.6343824,127.3211409,90.73546436
858,36.63437955,127.321144,89.84827192
859,36.6343767,127.321147,88.96527823
860,36.63437384,127.32115,88.09250762
861,36.63437098,127.3211531,87.23650014
862,36.63436813,127.3211561,86.38430645
863,36.63436608,127.3211589,85.5092706
864,36.63436403,127.3211616,84.65523642
865,36.63436199,127.3211644,83.79802025
866,36.63435994,127.3211671,82.95852411
867,36.63435788,127.3211699,82.12862913
868,36.63435583,127.3211726,81.31024761
869,36.63435379,127.3211754,80.49544907
870,36.63435174,127.3211781,79.70529328
871,36.63434969,127.3211809,78.91450972
872,36.63434763,127.3211836,78.14240229
873,36.63434558,127.3211864,77.3818684
874,36.63434354,127.3211891,76.63412655
875,36.63434149,127.3211919,75.89413241
876,36.63433944,127.3211946,75.17944753
877,36.63433739,127.3211974,74.46712064
878,36.63433534,127.3212001,73.77449634
879,36.63433329,127.3212029,73.09663357
880,36.63433124,127.3212056,72.43490391
881,36.63432919,127.3212084,71.78288062
882,36.63432714,127.3212111,71.15191261
883,36.6343251,127.3212139,70.53739902
884,36.63432304,127.3212166,69.93977359
885,36.63432099,127.3212194,69.35591725
886,36.63431894,127.3212221,68.79796585
887,36.63431689,127.3212249,68.25031304
888,36.63431485,127.3212276,67.72369334
889,36.63431279,127.3212304,67.21826413
890,36.63431074,127.3212331,66.73129589
891,36.63430869,127.3212359,66.26142924
892,36.63430665,127.3212386,65.81762169
893,36.6343046,127.3212414,65.38917154
894,36.63430255,127.3212441,64.98463702
895,36.63430029,127.3212469,64.62324724
896,36.63429804,127.3212496,64.28195021
897,36.63429578,127.3212523,63.96131382
898,36.63429354,127.3212551,63.67011741
899,36.63429128,127.3212578,63.39618594
900,36.63428903,127.3212605,63.14899445
901,36.63428678,127.3212633,62.92576398
902,36.63428453,127.321266,62.72675035
903,36.63428227,127.3212688,62.54982575
904,36.63428001,127.3212715,62.40348861
905,36.63427777,127.3212743,62.27512402
906,36.63427551,127.321277,62.17640212
907,36.63427326,127.3212798,62.10032291
908,36.634271,127.3212825,62.05190979
909,36.63426876,127.3212853,62.02480007
910,36.6342665,127.3212881,62.0270873
911,36.63426424,127.3212908,62.0534104
912,36.634262,127.3212936,62.10397521
913,36.63425974,127.3212963,62.18089008
914,36.63425749,127.3212991,62.28163443
915,36.63425523,127.3213018,62.40988145
916,36.63425299,127.3213046,62.56001499
917,36.63425073,127.3213073,62.73812389
918,36.63424848,127.3213101,62.93762951
919,36.63424623,127.3213144,63.16529252
920,36.63424397,127.3213218,63.43033113
921,36.63424172,127.3213291,63.73739431
922,36.63423946,127.3213365,64.08675505
923,36.63423722,127.3213438,64.47511056
924,36.63423496,127.3213512,64.90574083
925,36.63423271,127.3213585,65.37446293
926,36.63423046,127.3213659,65.88157113
927,36.63422855,127.3213735,66.3931053
928,36.63422664,127.321381,66.94255782
929,36.63422473,127.3213885,67.52519639
930,36.63422283,127.321396,68.147462
931,36.63422093,127.3214036,68.80357976
932,36.63421901,127.3214112,69.49619588
933,36.63421711,127.3214187,70.21946658
934,36.6342152,127.3214262,70.97599481
935,36.63421329,127.3214338,71.75972082
936,36.63421139,127.3214413,72.5771258
937,36.63420948,127.3214488,73.42240478
938,36.63420758,127.3214563,74.29249724
939,36.63420566,127.3214639,75.19387095
940,36.63420376,127.3214714,76.12134994
941,36.63420186,127.3214789,77.06798359
942,36.63419995,127.3214865,78.04977107
943,36.63419804,127.3214941,79.05000812
944,36.63419613,127.3215016,80.06736822
945,36.63419423,127.3215091,81.11048016
946,36.63419232,127.3215166,82.17547352
947,36.63419041,127.3215242,83.26046788
948,36.63418851,127.3215317,84.35777726
949,36.63418661,127.3215392,85.48037482
950,36.63418469,127.3215467,86.62074224
951,36.63418279,127.3215543,87.77196163
952,36.63418088,127.3215618,88.94471256
953,36.63417897,127.3215694,90.14166718
954,36.63417707,127.3215769,91.33893148
955,36.63417516,127.3215845,92.55818482
956,36.63417326,127.321592,93.79048059
957,36.63417134,127.3215995,95.03131962
958,36.63416944,127.321607,96.2899306
959,36.63416738,127.3216151,97.60982317
960,36.63416532,127.3216232,98.93330858
961,36.63416326,127.3216313,100.276731
962,36.6341612,127.3216394,101.6325941
963,36.63415915,127.3216475,102.9904507
964,36.63415708,127.3216556,104.3679663
965,36.63415502,127.3216637,105.7548349
966,36.63415297,127.3216718,107.1440382
967,36.6341509,127.3216798,108.5425772
968,36.63414884,127.3216879,109.9585702
969,36.63414678,127.321696,111.3747779
970,36.63414472,127.3217041,112.8070452
971,36.63414266,127.3217122,114.2474232
972,36.6341406,127.3217203,115.6885627
973,36.63413854,127.3217284,117.1434051
974,36.63413648,127.3217365,118.6070957
975,36.63413442,127.3217445,120.0689569
976,36.63413236,127.3217526,121.5455027
977,36.6341303,127.3217607,123.0285333
978,36.63412824,127.3217688,124.5178171
979,36.63412619,127.3217769,126.0049501
980,36.63412412,127.321785,127.506044
981,36.63412206,127.3217931,129.0135001
982,36.63412001,127.3218012,130.5165893
983,36.63411794,127.3218092,132.0263183
984,36.63411588,127.3218173,133.5486694
985,36.63411382,127.3218254,135.0682223
986,36.63411176,127.3218335,136.5994354
987,36.6341097,127.3218416,138.1366443
988,36.63410764,127.3218497,139.6690541
989,36.63410558,127.3218578,141.2142118
990,36.63410352,127.3218659,142.7635056
991,36.63410149,127.3218733,144.2552829
992,36.63409945,127.3218806,145.7505735
993,36.63409858,127.3218864,145.7499285
994,36.63409771,127.3218922,145.755864
995,36.63409684,127.3218979,145.7596521
996,36.63409597,127.3219038,145.77871
997,36.6340942,127.3219081,145.296323
998,36.63409244,127.3219123,144.8056106
999,36.63409067,127.3219167,144.3159954
1000,36.63408891,127.321921,143.8342404
1001,36.63408715,127.3219252,143.3448564
1002,36.63408538,127.3219296,142.8652962
1003,36.63408362,127.3219339,142.3848537
1004,36.63408185,127.3219382,141.897495
1005,36.63408009,127.3219425,141.4099421
1006,36.63407833,127.3219468,140.9308624
1007,36.63407656,127.3219511,140.4449217
1008,36.6340748,127.3219554,139.9674443
1009,36.63407303,127.3219596,139.4817968
1010,36.63407127,127.321964,139.0052718
1011,36.6340695,127.3219683,138.5299047
1012,36.63406774,127.3219725,138.0364461
1013,36.63406643,127.3219769,137.3485858
1014,36.6340651,127.3219812,136.6607667
1015,36.63406379,127.3219854,135.963693
1016,36.63406247,127.3219898,135.2759559
1017,36.63406115,127.3219941,134.5875836
1018,36.63405984,127.3219983,133.8820043
1019,36.63405851,127.3220027,133.1950708
1020,36.6340572,127.322007,132.506828
1021,36.63405588,127.3220113,131.8106732
1022,36.63405456,127.3220156,131.1225214
1023,36.63405325,127.3220199,130.4257767
1024,36.63405193,127.3220242,129.729749
1025,36.63405061,127.3220285,129.0424114
1026,36.63404929,127.3220328,128.3551234
1027,36.63404798,127.3220371,127.658559
1028,36.63404666,127.3220414,126.9706982
1029,36.63404504,127.3220457,126.4152999
1030,36.63404343,127.32205,125.8587323
1031,36.63404181,127.3220543,125.3123298
1032,36.6340402,127.3220587,124.7647448
1033,36.63403859,127.3220629,124.209379
1034,36.63403696,127.3220672,123.6628183
1035,36.63403535,127.3220716,123.1078194
1036,36.63403373,127.3220758,122.5530109
1037,36.63403212,127.3220801,122.0069949
1038,36.63403051,127.3220845,121.4604765
1039,36.63402889,127.3220887,120.9069257
1040,36.63402728,127.322093,120.3607831
1041,36.63402565,127.3220973,119.7990614
1042,36.63402404,127.3221016,119.253312
1043,36.63402242,127.3221059,118.7091374
1044,36.63402081,127.3221102,118.1552283
1045,36.63401994,127.322116,118.143005
1046,36.63401907,127.3221218,118.1388994
1047,36.6340182,127.3221275,118.1342271
1048,36.63401732,127.3221334,118.1469705
1049,36.63401556,127.3221377,117.6655474
1050,36.6340138,127.3221419,117.1766062
1051,36.63401203,127.3221463,116.6888899
1052,36.63401027,127.3221506,116.2090961
1053,36.6340085,127.3221548,115.7225155
1054,36.63400674,127.3221592,115.2445096
1055,36.63400473,127.3221638,114.7985102
1056,36.63400271,127.3221683,114.3544899
1057,36.6340007,127.3221729,113.9018141
1058,36.63399868,127.3221775,113.4584186
1059,36.63399666,127.322182,113.0156772
1060,36.63399464,127.3221865,112.5657037
1061,36.63399263,127.3221911,112.1236209
1062,36.63399062,127.3221956,111.6829027
1063,36.6339886,127.3222002,111.243565
1064,36.63398659,127.3222048,110.7950068
1065,36.63398456,127.3222093,110.3570852
1066,36.63398255,127.3222139,109.9191773
1067,36.63398053,127.3222185,109.4819889
1068,36.63397852,127.322223,109.0455286
1069,36.6339765,127.3222276,108.6105163
1070,36.63397449,127.3222322,108.1663905
1071,36.63397248,127.3222366,107.7237612
1072,36.63397045,127.3222412,107.2910529
1073,36.63396844,127.3222458,106.8576797
1074,36.63396642,127.3222503,106.426534
1075,36.63396441,127.3222549,105.9871
1076,36.63396239,127.3222595,105.5568435
1077,36.63396038,127.322264,105.1273995
1078,36.63395836,127.3222686,104.6987781
1079,36.63395634,127.3222732,104.2709893
1080,36.63395433,127.3222778,103.8440435
1081,36.6339529,127.3222837,103.963715
1082,36.63395149,127.3222898,104.0963464
1083,36.63395006,127.3222958,104.2351041
1084,36.63394865,127.3223019,104.3785188
1085,36.63394722,127.3223079,104.5280011
1086,36.6339458,127.322314,104.6821105
1087,36.6339445,127.3223197,104.8089448
1088,36.63394319,127.3223255,104.9502738
1089,36.63394129,127.3223301,104.6985679
1090,36.6339394,127.3223347,104.4377664
1091,36.63393749,127.3223393,104.1871101
1092,36.63393559,127.322344,103.944523
1093,36.63393369,127.3223486,103.6928473
1094,36.6339318,127.3223532,103.4420427
1095,36.63392989,127.3223578,103.1921148
1096,36.63392799,127.3223625,102.9495329
1097,36.6339261,127.3223671,102.6992783
1098,36.63392419,127.3223717,102.4413793
1099,36.63392229,127.3223763,102.1908142
1100,36.63392039,127.322381,101.9496512
1101,36.63391849,127.3223856,101.7008599
1102,36.63391659,127.3223902,101.450861
1103,36.63391469,127.3223948,101.2017586
1104,36.63391278,127.3223996,100.9620415
1105,36.63391089,127.3224042,100.7126214
1106,36.63390899,127.3224087,100.4556392
1107,36.63390708,127.3224133,100.2080434
1108,36.63390519,127.3224181,99.96768195
1109,36.63390329,127.3224227,99.71977559
1110,36.63390139,127.3224273,99.47207515
1111,36.63389949,127.3224319,99.2245822
1112,36.63389759,127.3224366,98.98571643
1113,36.63389569,127.3224412,98.73863466
1114,36.63389378,127.3224458,98.48336375
1115,36.63389189,127.3224504,98.23671637
1116,36.63388999,127.3224551,97.99866849
1117,36.63388808,127.3224597,97.75244487
1118,36.63388619,127.3224643,97.50643984
1119,36.6338834,127.3224722,97.55986997
1120,36.63388061,127.32248,97.60424802
1121,36.63387782,127.3224879,97.65775181
1122,36.63387502,127.3224958,97.70366767
1123,36.63387223,127.3225037,97.75651639
1124,36.63386945,127.3225115,97.80178443
1125,36.63386666,127.3225194,97.8554361
1126,36.63386387,127.3225273,97.90839116
1127,36.63386108,127.3225353,97.96211228
1128,36.63385829,127.3225431,98.0075377
1129,36.63385549,127.322551,98.06133219
1130,36.63385271,127.3225589,98.10683822
1131,36.63384992,127.3225668,98.16070583
1132,36.63384713,127.3225746,98.20555668
1133,36.63384434,127.3225825,98.25949656
1134,36.63384155,127.3225904,98.31347105
1135,36.63383877,127.3225982,98.35843753
1136,36.63383597,127.3226061,98.41322203
1137,36.63383318,127.322614,98.4673035
1138,36.63383039,127.3226219,98.51238576
1139,36.6338276,127.3226297,98.55824838
1140,36.63382481,127.3226377,98.61243921
1141,36.63382203,127.3226456,98.66592303
1142,36.63381924,127.3226535,98.72018161
1143,36.63381644,127.3226613,98.76694066
1144,36.63381365,127.3226692,98.82052838
1145,36.63381086,127.3226771,98.87489259
1146,36.63380807,127.322685,98.92102542
1147,36.63380529,127.3226928,98.96645444
1148,36.6338025,127.3227007,99.02092664
1149,36.63379971,127.3227086,99.07543261
1150,36.63379692,127.3227166,99.12922546
1151,36.63379412,127.3227244,99.17629843
1152,36.63379133,127.3227323,99.23090882
1153,36.63378944,127.3227413,99.4658078
1154,36.63378754,127.3227502,99.70417297
1155,36.63378565,127.3227592,99.96185018
1156,36.63378375,127.3227683,100.2297438
1157,36.63378096,127.3227758,100.0529465
1158,36.63377816,127.3227832,99.87731109
1159,36.63377538,127.3227908,99.70916552
1160,36.63377259,127.3227983,99.54216241
1161,36.6337698,127.3228059,99.37559513
1162,36.63376701,127.3228133,99.20033222
1163,36.63376422,127.3228208,99.02624962
1164,36.63376144,127.3228284,98.86102532
1165,36.63375864,127.3228359,98.69624586
1166,36.63375585,127.3228433,98.52354723
1167,36.63375306,127.3228509,98.3596766
1168,36.63375027,127.3228584,98.19552647
1169,36.63374748,127.3228658,98.01590306
1170,36.6337447,127.3228734,97.8534173
1171,36.63374191,127.3228809,97.69065218
1172,36.63373911,127.3228885,97.52982384
1173,36.63373647,127.3228959,97.28328156
1174,36.63373383,127.3229034,97.04439995
1175,36.63373119,127.322911,96.79810537
1176,36.63372855,127.3229185,96.55945769
1177,36.63372591,127.3229259,96.31341454
1178,36.63372327,127.3229335,96.07500436
1179,36.63372062,127.322941,95.83820697
1180,36.63371798,127.3229486,95.60003241
1181,36.63371534,127.322956,95.34626928
1182,36.6337127,127.3229635,95.10834623
1183,36.63371066,127.3229696,94.72535279
1184,36.63370861,127.3229755,94.33358848
1185,36.63370657,127.3229816,93.95098078
1186,36.63370452,127.3229875,93.55962166
1187,36.63370248,127.3229936,93.17740936
1188,36.63370043,127.3229995,92.7782975
1189,36.63369913,127.323007,92.8551478
1190,36.63369784,127.3230145,92.93360386
1191,36.63369654,127.323022,93.03314586
1192,36.63369524,127.3230294,93.13557412
1193,36.6336929,127.3230355,92.89670524
1194,36.63369056,127.3230414,92.65139974
1195,36.63368821,127.3230475,92.415747
1196,36.63368587,127.3230536,92.18134853
1197,36.63368353,127.3230595,91.93157087
1198,36.63368119,127.3230655,91.69975387
1199,36.63367884,127.3230715,91.4609439
1200,36.6336765,127.3230775,91.23098013
1201,36.63367416,127.3230835,90.99483112
1202,36.63367182,127.3230895,90.76824931
1203,36.63366947,127.3230955,90.52662239
1204,36.63366713,127.3231015,90.30274397
1205,36.63366479,127.3231075,90.07207275
1206,36.63366246,127.3231135,89.84937536
1207,36.63366011,127.3231195,89.62148606
1208,36.63365777,127.3231255,89.40308304
1209,36.63365573,127.3231316,89.01560934
1210,36.63365368,127.3231375,88.62760594
1211,36.63365164,127.3231436,88.24866904
1212,36.63364959,127.3231495,87.86116309
1213,36.63364755,127.3231556,87.4827124
1214,36.6336455,127.3231615,87.09571703
1215,36.63364346,127.3231676,86.70977653
1216,36.63364141,127.3231735,86.32331653
1217,36.63363937,127.3231796,85.94588849
1218,36.63363732,127.3231855,85.55996694
1219,36.63363528,127.3231916,85.18306552
1220,36.63363323,127.3231975,84.79769697
1221,36.63363119,127.3232035,84.41341603
1222,36.63362915,127.3232096,84.03573376
1223,36.63362711,127.3232155,83.65203046
1224,36.63362506,127.3232216,83.27570856
1225,36.63362376,127.323229,83.29890101
1226,36.63362246,127.3232366,83.3419504
1227,36.63362116,127.323244,83.39040861
1228,36.63361986,127.3232515,83.45961784
1229,36.63361767,127.3232575,83.14722791
1230,36.63361547,127.3232635,82.84449141
1231,36.63361328,127.3232695,82.52618648
1232,36.63361108,127.3232755,82.22414738
1233,36.63360889,127.3232815,81.91549857
1234,36.6336067,127.3232875,81.61570582
1235,36.6336045,127.3232936,81.31587869
1236,36.63360231,127.3232995,81.00953256
1237,36.63360011,127.3233056,80.70398547
1238,36.63359793,127.3233115,80.39767206
1239,36.63359574,127.3233176,80.10172954
1240,36.63359354,127.3233235,79.79860778
1241,36.63359135,127.3233296,79.50346997
1242,36.63358916,127.3233355,79.20200539
1243,36.63358696,127.3233416,78.90929883
1244,36.63358477,127.3233475,78.60084431
1245,36.63358258,127.3233536,78.30983073
1246,36.63358038,127.3233596,78.01965846
1247,36.63357819,127.3233656,77.7217038
1248,36.63357599,127.3233716,77.43326115
1249,36.6335738,127.3233776,77.13791624
1250,36.63357161,127.3233836,76.84267058
1251,36.63356941,127.3233895,76.54918363
1252,36.63356722,127.3233956,76.26434614
1253,36.63356503,127.3234015,75.97190373
1254,36.63356284,127.3234076,75.68807852
1255,36.63356065,127.3234135,75.39075814
1256,36.63355846,127.3234196,75.10884439
1257,36.63355626,127.3234255,74.82114463
1258,36.63355407,127.3234316,74.54201563
1259,36.63355187,127.3234376,74.26300508
1260,36.63354968,127.3234436,73.97832689
1261,36.63354838,127.3234511,73.95195313
1262,36.63354708,127.3234586,73.93142923
1263,36.63354578,127.3234661,73.93374245
1264,36.63354448,127.3234735,73.9425635
1265,36.63354243,127.3234796,73.55881764
1266,36.63354039,127.3234855,73.17623116
1267,36.63353834,127.3234916,72.80102582
1268,36.6335363,127.3234975,72.41914438
1269,36.63353425,127.3235036,72.04462214
1270,36.63353222,127.3235095,71.66264833
1271,36.63353017,127.3235156,71.2810511
1272,36.63352813,127.3235216,70.9084231
1273,36.63352608,127.3235276,70.52758408
1274,36.63352404,127.3235336,70.15570028
1275,36.63352199,127.3235396,69.77564404
1276,36.63351995,127.3235456,69.40452875
1277,36.6335179,127.3235515,69.01759749
1278,36.63351586,127.3235576,68.64729216
1279,36.63351381,127.3235635,68.26889622
1280,36.63351177,127.3235696,67.89941159
1281,36.63351047,127.323577,67.8842614
1282,36.63350917,127.3235846,67.89325717
1283,36.63350786,127.323592,67.9099841
1284,36.63350656,127.3235995,67.94941074
1285,36.63350437,127.3236056,67.65260992
1286,36.63350219,127.3236115,67.34796027
1287,36.63349999,127.3236176,67.04428748
1288,36.6334978,127.3236235,66.74240349
1289,36.63349561,127.3236296,66.44943862
1290,36.63349341,127.3236355,66.14875958
1291,36.63349122,127.3236416,65.8577789
1292,36.63348902,127.3236475,65.55996798
1293,36.63348683,127.3236536,65.26240627
1294,36.63348464,127.3236595,64.96674024
1295,36.63348244,127.3236656,64.67992177
1296,36.63348025,127.3236715,64.38560646
1297,36.63347806,127.3236776,64.10093948
1298,36.63347586,127.3236836,63.81735829
1299,36.63347367,127.3236896,63.52639544
1300,36.63347147,127.3236956,63.23744302
1301,36.63346928,127.3237016,62.94967951
1302,36.6334671,127.3237076,62.66896478
1303,36.6334649,127.3237136,62.38358968
1304,36.63346271,127.3237196,62.10694391
1305,36.63346052,127.3237256,61.8231647
1306,36.63345832,127.3237316,61.54151991
1307,36.63345613,127.3237375,61.26116487
1308,36.63345394,127.3237436,60.98860235
1309,36.63345174,127.3237495,60.71084302
1310,36.63344955,127.3237556,60.44172531
1311,36.63344769,127.3237599,60.03096586
1312,36.63344583,127.3237643,59.62968453
1313,36.63344397,127.3237687,59.23869874
1314,36.63344212,127.3237731,58.84096176
1315,36.63344026,127.3237774,58.44735854
1316,36.63343841,127.3237818,58.05520784
1317,36.63343714,127.3237877,58.02435544
1318,36.63343587,127.3237935,57.99640689
1319,36.63343462,127.3237994,57.97752061
1320,36.63343335,127.3238052,57.96948884
1321,36.63343209,127.3238111,57.97805612
1322,36.63343083,127.323817,57.99004823
1323,36.63342957,127.3238228,58.01115697
1324,36.6334283,127.3238286,58.04305635
1325,36.63342644,127.3238331,57.61598086
1326,36.63342459,127.3238374,57.19083527
1327,36.63342273,127.3238417,56.7685035
1328,36.63342088,127.3238461,56.34650832
1329,36.63341902,127.3238504,55.92826904
1330,36.63341716,127.3238549,55.51881755
1331,36.6334153,127.3238592,55.09647611
1332,36.63341344,127.3238636,54.68473542
1333,36.63341159,127.3238679,54.27438849
1334,36.63340973,127.3238724,53.87369513
1335,36.63340788,127.3238767,53.46797189
1336,36.63340601,127.323881,53.06555755
1337,36.63340416,127.3238854,52.65662698
1338,36.6334023,127.3238898,52.26642228
1339,36.63340044,127.3238942,51.87161661
1340,36.63339859,127.3238985,51.4776312
1341,36.63339732,127.3239043,51.44186444
1342,36.63339606,127.3239103,51.42367241
1343,36.6333948,127.3239161,51.41045562
1344,36.63339354,127.3239219,51.40760468
1345,36.63339227,127.3239278,51.41686528
1346,36.63339101,127.3239336,51.43735244
1347,36.63338975,127.3239395,51.47599901
1348,36.63338848,127.3239454,51.51900257
1349,36.63338663,127.3239497,51.08694175
1350,36.63338477,127.3239541,50.65779642
1351,36.63338292,127.3239585,50.22915676
1352,36.63338106,127.3239628,49.8043757
1353,36.63337919,127.3239672,49.38186806
1354,36.63337734,127.3239715,48.95999856
1355,36.63337548,127.323976,48.54975713
1356,36.63337363,127.3239803,48.13350667
1357,36.63337177,127.3239847,47.71230568
1358,36.63336992,127.323989,47.3011812
1359,36.63336805,127.3239933,46.89357662
1360,36.63336619,127.3239978,46.49510202
1361,36.63336434,127.3240021,46.0920562
1362,36.63336248,127.3240065,45.69276467
1363,36.63336063,127.3240108,45.29459684
1364,36.63335877,127.3240153,44.90125313
1365,36.63335691,127.3240196,44.51008564
1366,36.63335505,127.324024,44.12208569
1367,36.63335319,127.3240283,43.73827629
1368,36.63335134,127.3240328,43.36368192
1369,36.63334948,127.3240371,42.98563873
1370,36.63334763,127.3240414,42.60444301
1371,36.63334576,127.3240458,42.23456802
1372,36.63334391,127.3240502,41.87298659
1373,36.63334205,127.3240546,41.51056598
1374,36.6333402,127.3240589,41.1510742
1375,36.63333834,127.3240632,40.78930061
1376,36.63333647,127.3240676,40.43902187
1377,36.63333462,127.324072,40.09809261
1378,36.63333276,127.3240764,39.75528786
1379,36.63333091,127.3240807,39.41692944
1380,36.63332905,127.3240851,39.08417272
1381,36.63332809,127.324091,38.72781134
1382,36.63332712,127.3240968,38.38878712
1383,36.63332615,127.3241027,38.07144746
1384,36.63332519,127.3241085,37.77440753
1385,36.63332333,127.3241129,37.40679103
1386,36.63332148,127.3241173,37.04244515
1387,36.63331962,127.3241216,36.6824618
1388,36.63331777,127.324126,36.32697065
1389,36.6333159,127.3241304,35.98330979
1390,36.63331404,127.3241348,35.63712044
1391,36.63331219,127.3241391,35.28982683
1392,36.63331033,127.3241434,34.95471615
1393,36.63330848,127.3241478,34.62272562
1394,36.63330661,127.3241522,34.3038639
1395,36.63330476,127.3241566,33.98364973
1396,36.6333029,127.3241609,33.66908601
1397,36.63330104,127.3241653,33.35605307
1398,36.63329919,127.3241697,33.05864215
1399,36.63329733,127.3241741,32.7620094
1400,36.63329547,127.3241784,32.47168356
1401,36.63329361,127.3241827,32.18895166
1402,36.63329176,127.3241872,31.91538046
1403,36.6332899,127.3241915,31.64139844
1404,36.63328804,127.3241959,31.37917809
1405,36.63328619,127.3242002,31.12185271
1406,36.63328432,127.3242047,30.87837453
1407,36.63328247,127.324209,30.63694781
1408,36.63328061,127.3242134,30.40323443
1409,36.63327876,127.3242177,30.17367603
1410,36.6332769,127.324222,29.95727298
1411,36.63327503,127.3242265,29.75135925
1412,36.63327318,127.3242308,29.55028838
1413,36.63327132,127.3242352,29.35902498
1414,36.63326947,127.3242395,29.17410632
1415,36.63326761,127.324244,29.00330769
1416,36.63326576,127.3242483,28.83488279
1417,36.63326479,127.3242541,28.18205916
1418,36.63326382,127.32426,27.54919035
1419,36.63326286,127.3242659,26.93851539
1420,36.63326189,127.3242717,26.34623695
1421,36.63326019,127.3242761,26.01058288
1422,36.63325847,127.3242804,25.68288433
1423,36.63325677,127.3242848,25.36344967
1424,36.63325506,127.3242892,25.05553172
1425,36.63325334,127.3242936,24.75461715
1426,36.63325164,127.3242979,24.45792528
1427,36.63324993,127.3243022,24.17601176
1428,36.63324823,127.3243067,23.90368978
1429,36.63324651,127.324311,23.6417387
1430,36.63324481,127.3243154,23.38788534
1431,36.6332431,127.3243197,23.14596353
1432,36.63324138,127.3243242,22.91709798
1433,36.63323968,127.3243285,22.69834907
1434,36.63323797,127.3243328,22.49156793
1435,36.63323627,127.3243372,22.29708753
1436,36.63323455,127.3243416,22.11557331
1437,36.6332333,127.3243475,21.58477288
1438,36.63323203,127.3243533,21.06934743
1439,36.63323084,127.3243592,20.56139333
1440,36.63322964,127.3243652,20.07165047
1441,36.63322846,127.3243711,19.59887105
1442,36.63322727,127.3243772,19.14775106
1443,36.63322607,127.3243831,18.71711836
1444,36.63322488,127.3243891,18.30773868
1445,36.63322295,127.3243935,18.2644062
1446,36.63322101,127.324398,18.24095688
1447,36.63321908,127.3244024,18.23221068
1448,36.63321715,127.324407,18.24101682
1449,36.6332152,127.3244115,18.26513166
1450,36.63321327,127.3244159,18.30260484
1451,36.63321134,127.3244204,18.35641759
1452,36.6332094,127.3244248,18.42813469
1453,36.63320747,127.3244293,18.51404167
1454,36.63320554,127.3244348,18.61375936
1455,36.6332036,127.3244407,18.7222991
1456,36.63320166,127.3244466,18.83913304
1457,36.63319972,127.3244526,18.96595644
1458,36.63319779,127.3244585,19.09906537
1459,36.63319586,127.3244645,19.23998693
1460,36.63319392,127.3244704,19.38980972
1461,36.63319213,127.3244765,19.41284007
1462,36.63319035,127.3244824,19.4463277
1463,36.63318856,127.3244884,19.49068046
1464,36.63318678,127.3244943,19.53925576
1465,36.63318499,127.3245002,19.59707921
1466,36.6331832,127.3245062,19.6640628
1467,36.63318142,127.3245122,19.7343414
1468,36.63317963,127.3245182,19.81556856
1469,36.63317784,127.3245241,19.90806232
1470,36.63317606,127.3245301,20.00346385
1471,36.63317428,127.324536,20.10753068
1472,36.63317248,127.3245419,20.22012277
1473,36.6331707,127.3245479,20.3375724
1474,36.63316892,127.3245539,20.46023489
1475,36.63316712,127.3245599,20.593957
1476,36.63316534,127.3245658,20.73552453
1477,36.63316445,127.3245703,19.81759925
1478,36.63316355,127.3245747,18.90081874
1479,36.63316266,127.3245792,17.98174876
1480,36.63316177,127.3245837,17.06050307
1481,36.63316013,127.3245897,17.09080025
1482,36.63315849,127.3245956,17.12961725
1483,36.63315686,127.3246016,17.18027089
1484,36.63315521,127.3246075,17.24153614
1485,36.63315358,127.3246134,17.31330035
1486,36.63315195,127.3246195,17.39438314
1487,36.6331503,127.3246254,17.48778974
1488,36.63314867,127.3246314,17.58919287
1489,36.63314702,127.3246373,17.70251313
1490,36.63314539,127.3246433,17.82354082
1491,36.63314376,127.3246492,17.96008628
1492,36.63314211,127.3246552,18.10103821
1493,36.63314048,127.3246612,18.24579435
1494,36.63313884,127.3246671,18.40365484
1495,36.6331372,127.3246731,18.57194971
1496,36.63313557,127.324679,18.74688073
1497,36.63313378,127.324685,19.02449533
1498,36.63313199,127.3246909,19.30091183
1499,36.63313021,127.3246969,19.57571482
1500,36.63312842,127.3247029,19.86034693
1501,36.63312663,127.3247088,20.14886321
1502,36.63312485,127.3247148,20.44109919
1503,36.63312302,127.3247208,20.73996047
1504,36.63312118,127.3247268,21.03597161
1505,36.63311935,127.3247329,21.3350442
1506,36.63311752,127.3247388,21.64331595
1507,36.63311569,127.3247448,21.94818533
1508,36.63311386,127.3247509,22.25575031
1509,36.63311203,127.3247569,22.57230664
1510,36.6331102,127.3247629,22.88429696
1511,36.63310836,127.324769,23.20003169
1512,36.63310653,127.324775,23.51736583
1513,36.6331056,127.3247795,22.75441043
1514,36.63310465,127.324784,21.99753349
1515,36.63310372,127.3247885,21.25256263
1516,36.63310278,127.3247931,20.52094733
1517,36.63310094,127.3247991,20.86115661
1518,36.63309911,127.3248051,21.2025832
1519,36.63309729,127.3248112,21.55214409
1520,36.63309545,127.3248171,21.90441327
1521,36.63309362,127.3248232,22.25072
1522,36.63309179,127.3248292,22.59799307
1523,36.63308995,127.3248352,22.94764888
1524,36.63308812,127.3248412,23.29814193
1525,36.63308629,127.3248473,23.65655108
1526,36.63308447,127.3248533,24.00956089
1527,36.63308263,127.3248593,24.37133445
1528,36.6330808,127.3248653,24.72618591
1529,36.63307897,127.3248713,25.08255271
1530,36.63307713,127.3248773,25.44036698
1531,36.6330753,127.3248834,25.79830268
1532,36.63307347,127.3248894,26.16483579
1533,36.63307223,127.324894,25.60352884
1534,36.633071,127.3248985,25.04819788
1535,36.63306976,127.324903,24.50703532
1536,36.63306852,127.3249075,23.96619009
1537,36.63306729,127.324912,23.43278635
1538,36.63306605,127.3249166,22.90772325
1539,36.63306481,127.3249211,22.39184903
1540,36.63306358,127.3249257,21.88524603
1541,36.63306175,127.3249317,22.26362565
1542,36.63305992,127.3249376,22.6497409
1543,36.63305808,127.3249437,23.02919132
1544,36.63305625,127.3249497,23.40880736
1545,36.63305443,127.3249557,23.78858561
1546,36.63305259,127.3249618,24.1766842
1547,36.63305076,127.3249678,24.55736641
1548,36.63304893,127.3249738,24.93817512
1549,36.63304709,127.3249798,25.32724251
1550,36.63304526,127.3249858,25.70885017
1551,36.63304343,127.3249918,26.09812514
1552,36.63304159,127.3249979,26.48046672
1553,36.63303977,127.3250039,26.86288255
1554,36.63303794,127.3250099,27.24537344
1555,36.6330361,127.325016,27.62844103
1556,36.63303427,127.3250219,28.01914868
1557,36.63303244,127.3250279,28.40991849
1558,36.63303061,127.325034,28.79347439
1559,36.63302877,127.32504,29.177383
1560,36.63302695,127.325046,29.56117685
1561,36.63302512,127.3250521,29.94530828
1562,36.63302328,127.3250581,30.32976093
1563,36.63302145,127.325064,30.72929895
1564,36.63301962,127.3250701,31.11394656
1565,36.63301778,127.3250761,31.49888751
1566,36.63301596,127.3250821,31.88371054
1567,36.6330142,127.325088,32.28325553
1568,36.63301245,127.3250939,32.67524577
1569,36.63301069,127.3250998,33.0826383
1570,36.63300893,127.3251057,33.47510187
1571,36.63300717,127.3251116,33.87534083
1572,36.63300542,127.3251175,34.26789006
1573,36.63300455,127.3251219,33.81353327
1574,36.63300369,127.3251264,33.37054506
1575,36.63300283,127.3251307,32.95490803
1576,36.63300147,127.3251352,32.55193756
1577,36.63299949,127.3251411,32.95816386
1578,36.6329975,127.325147,33.35721966
1579,36.63299552,127.3251529,33.77199115
1580,36.63299353,127.3251588,34.17190792
1581,36.63299154,127.3251647,34.57986317
1582,36.63298956,127.3251706,34.98061518
1583,36.63298757,127.3251765,35.38934816
1584,36.63298558,127.3251824,35.79083379
1585,36.6329836,127.3251883,36.20796707
1586,36.63298161,127.3251942,36.61016064
1587,36.63297962,127.3252001,37.02029319
1588,36.63297764,127.325206,37.42318981
1589,36.63297565,127.3252119,37.83395647
1590,36.63297366,127.3252178,38.23743141
1591,36.63297167,127.3252237,38.64878948
1592,36.63296969,127.3252296,39.0605343
1593,36.63296785,127.3252355,39.46675863
1594,36.63296601,127.3252414,39.86540072
1595,36.63296418,127.3252473,40.27167972
1596,36.63296234,127.3252532,40.67026928
1597,36.63296049,127.3252591,41.07654936
1598,36.63295866,127.3252651,41.48282998
1599,36.63295682,127.3252709,41.88905698
1600,36.63295498,127.3252768,42.29533856
1601,36.63295314,127.3252827,42.69393034
1602,36.63295131,127.3252886,43.10021285
1603,36.63294947,127.3252945,43.50649584
1604,36.63294763,127.3253004,43.91272467
1605,36.6329458,127.3253063,44.3113727
1606,36.63294396,127.3253122,44.71765701
1607,36.63294212,127.3253181,45.11625115
1608,36.63294028,127.325324,45.52248128
1609,36.63293785,127.3253284,45.15215527
1610,36.63293541,127.3253328,44.79388513
1611,36.63293298,127.3253373,44.43257951
1612,36.63293055,127.3253416,44.08368733
1613,36.63292811,127.3253461,43.73191549
1614,36.63292568,127.3253505,43.39267768
1615,36.63292325,127.3253549,43.0510191
1616,36.63292082,127.3253593,42.7219991
1617,36.63291897,127.3253653,43.12722502
1618,36.63291713,127.3253711,43.5323381
1619,36.6329153,127.3253771,43.93003019
1620,36.63291346,127.3253829,44.33531492
1621,36.63291162,127.3253889,44.73291143
1622,36.63290979,127.3253947,45.13823273
1623,36.63290795,127.3254007,45.54357162
1624,36.63290611,127.3254065,45.94879821
1625,36.63290428,127.3254125,46.3465933
1626,36.63290244,127.3254183,46.7519822
1627,36.6329006,127.3254243,47.1496798
1628,36.63289876,127.3254301,47.55497267
1629,36.63289692,127.3254361,47.96053505
1630,36.63289508,127.3254419,48.36585867
1631,36.63289326,127.3254481,48.7411227
1632,36.63289153,127.3254541,49.14064674
1633,36.63288891,127.3254585,48.83474953
1634,36.63288629,127.3254631,48.53093488
1635,36.63288366,127.3254675,48.2446649
1636,36.63288104,127.325472,47.96823099
1637,36.63287932,127.3254779,48.36640078
1638,36.63287759,127.3254839,48.76459609
1639,36.63287586,127.3254899,49.16263925
1640,36.63287414,127.3254959,49.56070803
1641,36.63287241,127.3255018,49.9589775
1642,36.63287068,127.3255078,50.35709503
1643,36.63286895,127.3255137,50.75523641
1644,36.63286722,127.3255196,51.15357486
1645,36.63286549,127.3255257,51.55176165
1646,36.63286376,127.3255316,51.94997067
1647,36.63286204,127.3255376,52.34854539
1648,36.63286031,127.3255435,52.74679618
1649,36.63285858,127.3255495,53.14506776
1650,36.63285685,127.3255555,53.53600456
1651,36.63285512,127.3255614,53.93431491
1652,36.6328534,127.3255674,54.3401717
1653,36.63285152,127.3255733,54.75631243
1654,36.63284964,127.3255793,55.17236101
1655,36.63284776,127.3255853,55.58113524
1656,36.63284588,127.3255912,55.99733535
1657,36.63284401,127.3255972,56.41378203
1658,36.63284214,127.3256031,56.8378185
1659,36.63284026,127.3256091,57.25440693
1660,36.63283838,127.325615,57.67088698
1661,36.6328365,127.3256211,58.08009891
1662,36.63283463,127.325627,58.49671174
1663,36.63283275,127.325633,58.92107803
